created,updated,model_year_id,vehicle_model_id,brand_id,brand_name,vehicle_model_name,vehicle_model_generic_name,vehicle_model_aliases,year_launched,year,year_status,discontinuation_date,year_label,vehicle_category,vehicle_type,engine_types,transmission_types,facelift,facelift_description,major_changes,remarks,brochure_pdf,brochure_download_link,price_range,region_id,region_name,country_name,region_level_guidelines,region_level_guardrails,brand_logo_url,brand_website,parent_company,brand_level_guidelines,brand_level_guardrails,oem_id,oem_name,oem_brand_awareness,oem_country_of_origin,oem_wiki_description,feature_summary,competitor_vehicles
,,,,,Maruti Suzuki Arena,Alto K10,Alto K10,"New Alto K10, AltoK10, alto k10, k10, Maruti suzuki Alto k10, Maruti altok10",2010,2025,Active,,,Passenger vehicles,Hatchback,"Petrol, CNG","Manual, Automatic",No,,"Exterior Design Update;Infotainment Update, Safety feature uplift (expected), Minor feature updates",Entry small city car,https://d24ohqpcwj3ww1.cloudfront.net/gryd_file_system/media/document/3e6a537f-4d1a-444f-ab4e-eafe26e3666e-697afde7_Arena-Alto-K10-Brochure.pdf,https://d24ohqpcwj3ww1.cloudfront.net/gryd_file_system/media/document/3e6a537f-4d1a-444f-ab4e-eafe26e3666e-697afde7_Arena-Alto-K10-Brochure.pdf,"min_price: 369900, max_price:544900",,India,India,,,,,,,,,Suzuki Motor Corporation,,,,"The Maruti Suzuki Alto K10 is an entry-level hatchback designed for affordability, fuel efficiency, and ease of ownership. It is powered by a 1.0L K-Series petrol engine paired with manual and AMT transmission options, making it ideal for urban commuting. The compact size ensures easy maneuverability, while the cabin focuses on practicality with essential comfort and safety features.","Renault Kwid, Tata Tiago, Maruti S-Presso"
,,,,,Maruti Suzuki Arena,Brezza,Brezza,"NEW BREZZA,brezza, Maruti Suzuki Brezza, MAruti Brezza",2016,2025,Active,,,Passenger vehicles,SUV,"Petrol, CNG","Manual, Automatic",No,,Feature uplift 2023 (safety/infotainment),Compact urban SUV,https://d24ohqpcwj3ww1.cloudfront.net/gryd_file_system/media/document/7fc719be-9f41-474a-8eb9-1173a10e269d-697afed7_Arena-Brezza-Brochure.pdf,https://d24ohqpcwj3ww1.cloudfront.net/gryd_file_system/media/document/7fc719be-9f41-474a-8eb9-1173a10e269d-697afed7_Arena-Brezza-Brochure.pdf,"min_price: 825900, max_price:1301300",,India,India,,,,,,,,,Suzuki Motor Corporation,,,,"The Maruti Suzuki Brezza is a compact SUV focused on comfort, reliability, and everyday usability. It is powered by a 1.5L petrol engine with mild-hybrid technology, paired with manual and automatic transmissions. The Brezza offers a spacious cabin, high ground clearance, modern infotainment features, and a strong safety package, making it suitable for both city and highway driving.","Hyundai Venue, Kia Sonet, Tata Nexon, Mahindra XUV 3XO"
,,,,,Maruti Suzuki Arena,Celerio,Celerio,"NEW CELERIO,celerio, maruti suzuki celerio, maruti celerio",2014,2025,Active,,,Passenger vehicles,Hatchback,"Petrol, CNG","Manual, Automatic",No,,Info/comfort updates,Fuel-efficient hatchback,https://d24ohqpcwj3ww1.cloudfront.net/gryd_file_system/media/document/b0681214-9831-4844-bdb6-b5872211de5c-697aff61_Arena-Celerio-Brochure.pdf,https://d24ohqpcwj3ww1.cloudfront.net/gryd_file_system/media/document/b0681214-9831-4844-bdb6-b5872211de5c-697aff61_Arena-Celerio-Brochure.pdf,"min_price: 469900, max_price:672900",,India,India,,,,,,,,,Suzuki Motor Corporation,,,,"The Maruti Suzuki Celerio is a compact hatchback emphasizing high fuel efficiency and ease of driving. It is powered by a 1.0L petrol engine with manual and AMT options. Lightweight construction, smooth drivability, and a practical interior layout make it well-suited for urban users and first-time buyers.","Hyundai Santro, Renault Kwid, Tata Tiago"
,,,,,Maruti Suzuki Arena,Dzire,Dzire,"DZIRE,dsire, maruti suzuki dzire, maruti dzire",2008,2023,Active,,,Passenger vehicles,Sedan,"Petrol, CNG","Manual, Automatic",No,,Comfort+pack updates,Compact family sedan,https://d24ohqpcwj3ww1.cloudfront.net/gryd_file_system/media/document/a8bbab51-d5ad-4d28-bbe5-571494725b10-697b000d_Suzuki-Swift-Dzire-2009-IN.pdf,https://d24ohqpcwj3ww1.cloudfront.net/gryd_file_system/media/document/a8bbab51-d5ad-4d28-bbe5-571494725b10-697b000d_Suzuki-Swift-Dzire-2009-IN.pdf,"min_price: 651000, max_price: 944000",,India,India,,,,,,,,,Suzuki Motor Corporation,,,,,
,,,,,Maruti Suzuki Arena,Dzire,Dzire 2nd gen,"DZIRE,dsire, maruti suzuki dzire, maruti dzire",2012,2024,Active,,,Passenger vehicles,Sedan,"Petrol, CNG","Manual, Automatic",No,,,Compact family sedan,https://d24ohqpcwj3ww1.cloudfront.net/gryd_file_system/media/document/d7774e46-8f9e-4735-a0a3-273e1daea5e6-697b01e8_Arena-Dzire-Brochure.pdf,https://d24ohqpcwj3ww1.cloudfront.net/gryd_file_system/media/document/d7774e46-8f9e-4735-a0a3-273e1daea5e6-697b01e8_Arena-Dzire-Brochure.pdf,"min_price: 651000, max_price: 944000",,India,India,,,,,,,,,Suzuki Motor Corporation,,,,,
,,,,,Maruti Suzuki Arena,Dzire,Dzire 3rd gen,"DZIRE,dsire, maruti suzuki dzire, maruti dzire",2017,2025,Active,,,Passenger vehicles,Sedan,"Petrol, CNG","Manual, Automatic",No,,,Compact family sedan,https://d24ohqpcwj3ww1.cloudfront.net/gryd_file_system/media/document/eaa90318-eb5f-4b26-b16c-60532d12de8c-697b023d_Arena-Dzire-Brochure.pdf,https://d24ohqpcwj3ww1.cloudfront.net/gryd_file_system/media/document/eaa90318-eb5f-4b26-b16c-60532d12de8c-697b023d_Arena-Dzire-Brochure.pdf,"min_price: 625600, max_price:931300",,India,India,,,,,,,,,Suzuki Motor Corporation,,,,"The Maruti Suzuki Dzire is a compact sedan designed to deliver comfort, refinement, and fuel efficiency. It features a 1.2L petrol engine with manual and AMT transmission options. The Dzire offers a spacious rear seat, refined ride quality, and a balanced mix of comfort, safety, and practicality.","Honda Amaze, Hyundai Aura, Toyota Vios"
,,,,,Maruti Suzuki Arena,Eeco,Eeco,"EECO,eco,,eko,ekko,maruti suzuki eeco,maruti eeco",2010,2025,Active,,,Passenger vehicles,VAN,"Petrol, CNG",Manual,No,,Commercial/family van utility,Practical people mover,https://d24ohqpcwj3ww1.cloudfront.net/gryd_file_system/media/document/3ead408e-c10f-4c97-8473-1f8264416f1c-697b02ed_Suzuki-Eeco-2010-IN.pdf,https://d24ohqpcwj3ww1.cloudfront.net/gryd_file_system/media/document/3ead408e-c10f-4c97-8473-1f8264416f1c-697b02ed_Suzuki-Eeco-2010-IN.pdf,"min_price: 532000, max_price: 660000",,India,India,,,,,,,,,Suzuki Motor Corporation,,,,,
,,,,,Maruti Suzuki Arena,Eeco,Eeco New Gen  ,"EECO,eco,,eko,ekko,maruti suzuki eeco,maruti eeco",2022,2025,Active,,,Passenger vehicles,VAN,"Petrol, CNG",Manual,No,,,Practical people mover,https://d24ohqpcwj3ww1.cloudfront.net/gryd_file_system/media/document/ba47621e-7d9f-4dc8-b5d3-43bd3e29c384-697b0357_Arena-Eeco-Brochure.pdf,https://d24ohqpcwj3ww1.cloudfront.net/gryd_file_system/media/document/ba47621e-7d9f-4dc8-b5d3-43bd3e29c384-697b0357_Arena-Eeco-Brochure.pdf,"min_price: 520900, max_price:635800",,India,India,,,,,,,,,Suzuki Motor Corporation,,,,"The Maruti Suzuki Eeco is a versatile multi-purpose vehicle focused on practicality and utility. Powered by a 1.2L petrol and CNG engine, it is available in multiple seating and cargo configurations. The Eeco is widely used for commercial and family purposes due to its low running costs and flexible interior layout.","Tata Winger, Renault Triber"
,,,,,Maruti Suzuki Arena,Ertiga,Ertiga,"maruti suzuki ertiga,ertiga,artiga, maruti ertiga",2012,2025,Active,,,Passenger vehicles,SUV,"Petrol, CNG","Manual, Automatic",No,,,Family MPV,https://d24ohqpcwj3ww1.cloudfront.net/gryd_file_system/media/document/13ca68fb-dbc5-4d2a-91ac-f4853da7fa90-697b03fd_Suzuki-Ertiga-2013-IN.pdf,https://d24ohqpcwj3ww1.cloudfront.net/gryd_file_system/media/document/13ca68fb-dbc5-4d2a-91ac-f4853da7fa90-697b03fd_Suzuki-Ertiga-2013-IN.pdf,"min_price: 869000, max_price: 1326000",,India,India,,,,,,,,,Suzuki Motor Corporation,,,,,
,,,,,Maruti Suzuki Arena,Ertiga,Ertiga (2nd Gen),"NEW ERTIGA,maruti suzuki ertiga,ertiga,artiga, maruti ertiga",2018,2025,Active,,,Passenger vehicles,SUV,"Petrol, CNG","Manual, Automatic",No,,MPV family upgrades 2023,Family MPV,https://d24ohqpcwj3ww1.cloudfront.net/gryd_file_system/media/document/d1e61c14-04ab-4737-89ff-288bdc94214e-697b046c_Arena-Ertiga-Brochure_1.pdf,https://d24ohqpcwj3ww1.cloudfront.net/gryd_file_system/media/document/d1e61c14-04ab-4737-89ff-288bdc94214e-697b046c_Arena-Ertiga-Brochure_1.pdf,"min_price: 880000, max_price:1294100",,India,India,,,,,,,,,Suzuki Motor Corporation,,,,"The Maruti Suzuki Ertiga is a popular 7-seater MPV designed for family comfort and space efficiency. It is powered by a 1.5L petrol mild-hybrid engine with manual and automatic options. The Ertiga offers flexible seating, good ride comfort, and a practical interior suited for long-distance travel.","Toyota Innova Crysta, Toyota Innova Hycross, Kia Carens, Maruti Suzuki XL6, Toyota Rumion, Renault Triber"
,,,,,Maruti Suzuki Arena,S-presso,S-presso,"S-PRESSO,espresso,expresso,spresso, s presso, maruti suzuki s-presso, maruti s-presso, maruti suzuki s presso, maruti spresso",2019,2025,Active,,,Passenger vehicles,Hatchback,"Petrol, CNG","Manual, Automatic",No,,"Packaging/infotainment tweaks, Minor trim updates,Safety spec uplift possible",Entry micro-SUV,https://d24ohqpcwj3ww1.cloudfront.net/gryd_file_system/media/document/949407fd-fcba-4eb5-bb65-1ff825333f8d-697b0513_Arena-S-Presso-Brochure.pdf,https://d24ohqpcwj3ww1.cloudfront.net/gryd_file_system/media/document/949407fd-fcba-4eb5-bb65-1ff825333f8d-697b0513_Arena-S-Presso-Brochure.pdf,"min_price: 349900, max_price:524900",,India,India,,,,,,,,,Suzuki Motor Corporation,,,,"The Maruti Suzuki S-Presso is an entry-level hatchback with SUV-inspired styling and a tall-boy design. It is powered by a 1.0L petrol engine with manual and AMT options. The vehicle focuses on urban usability, compact dimensions, and affordability while offering a higher driving position.","Renault Kwid, Tata Tiago, Hyundai Santro"
,,,,,Maruti Suzuki Arena,Swift,Swift,"swift, maruti suzuki swift, maruti swift",2005,2023,Active,,,Passenger vehicles,Hatchback,"Petrol, CNG","Manual, Automatic",No,,Infotainment & safety tweaks 2023,Sporty hatchback,https://d24ohqpcwj3ww1.cloudfront.net/gryd_file_system/media/document/d7774e46-8f9e-4735-a0a3-273e1daea5e6-697b01e8_Arena-Dzire-Brochure.pdf,https://d24ohqpcwj3ww1.cloudfront.net/gryd_file_system/media/document/d7774e46-8f9e-4735-a0a3-273e1daea5e6-697b01e8_Arena-Dzire-Brochure.pdf,"min_price: 599000, max_price: 914000",,India,India,,,,,,,,,Suzuki Motor Corporation,,,,,
,,,,,Maruti Suzuki Arena,Swift,Swift 2nd gen,"swift, maruti suzuki swift, maruti swift",2011,2024,Active,,,Passenger vehicles,Hatchback,"Petrol, CNG","Manual, Automatic",No,,,Sporty hatchback,https://d24ohqpcwj3ww1.cloudfront.net/gryd_file_system/media/document/d7774e46-8f9e-4735-a0a3-273e1daea5e6-697b01e8_Arena-Dzire-Brochure.pdf,https://d24ohqpcwj3ww1.cloudfront.net/gryd_file_system/media/document/d7774e46-8f9e-4735-a0a3-273e1daea5e6-697b01e8_Arena-Dzire-Brochure.pdf,"min_price: 599000, max_price: 914001",,India,India,,,,,,,,,Suzuki Motor Corporation,,,,,
,,,,,Maruti Suzuki Arena,Swift,Swift 3rd gen,"swift,new swift, maruti suzuki swift, maruti swift",2018,2025,Active,,,Passenger vehicles,Hatchback,"Petrol, CNG","Manual, Automatic",No,,,Sporty hatchback,https://d24ohqpcwj3ww1.cloudfront.net/gryd_file_system/media/document/969dde0b-7058-4ca6-83b9-4631e13a18f6-697b05ec_Swift_Vertical_Brochure_final_highres.pdf,https://d24ohqpcwj3ww1.cloudfront.net/gryd_file_system/media/document/969dde0b-7058-4ca6-83b9-4631e13a18f6-697b05ec_Swift_Vertical_Brochure_final_highres.pdf,"min_price: 578900, max_price:864900",,India,India,,,,,,,,,Suzuki Motor Corporation,,,,"The Maruti Suzuki Swift is a sporty premium hatchback known for its responsive performance and agile handling. It is powered by a 1.2L petrol engine with manual and AMT transmissions. Lightweight construction, modern features, and strong fuel efficiency make it a popular choice among young buyers.","Hyundai i20, Tata Altroz, Volkswagen Polo"
,,,,,Maruti Suzuki Arena,Victoris,Victoris,"victoris, maruti victoris, maruti suzuki victoris",2025,2025,Active,,,Passenger vehicles,SUV,"Petrol, CNG","Manual, Automatic",No,,,Sporty hatchback,https://d24ohqpcwj3ww1.cloudfront.net/gryd_file_system/media/document/2ac0a682-5faa-4fed-b930-e303d42957b1-697b08ce_Arena-Victoris-Brochure.pdf,https://d24ohqpcwj3ww1.cloudfront.net/gryd_file_system/media/document/2ac0a682-5faa-4fed-b930-e303d42957b1-697b08ce_Arena-Victoris-Brochure.pdf,"min_price: 1049900, max_price:1998900",,India,India,,,,,,,,,Suzuki Motor Corporation,,,,"The Maruti Suzuki Vitara is a mid-size SUV offering a blend of comfort, reliability, and strong road presence. It features petrol powertrains and a spacious interior, focusing on family-oriented comfort and long-distance usability.","Toyota Innova Crysta, Kia Carnival, Mercedes-V-Class"
,,,,,Maruti Suzuki Arena,WagonR,WagonR 1st gen,"WagonR, Wagon-R, wagon R, maruti suzuki wagonr, maruti wagon R",1999,2025,Active,,,Passenger vehicles,Hatchback,"Petrol, CNG","Manual, Automatic",No,,Interior/package refresh 2023,Tallboy city hatchback,https://d24ohqpcwj3ww1.cloudfront.net/gryd_file_system/media/document/4779c077-c4ec-4172-a5f7-5a050afc15e9-697b0931_Suzuki-Wagon-R-2006-IN.pdf,https://d24ohqpcwj3ww1.cloudfront.net/gryd_file_system/media/document/4779c077-c4ec-4172-a5f7-5a050afc15e9-697b0931_Suzuki-Wagon-R-2006-IN.pdf,"min_price: 554000, max_price: 742000",,India,India,,,,,,,,,Suzuki Motor Corporation,,,,,
,,,,,Maruti Suzuki Arena,WagonR,WagonR 2nd gen,"WagonR, Wagon-R, wagon R, maruti suzuki wagonr, maruti wagon R",2010,2025,Active,,,Passenger vehicles,Hatchback,"Petrol, CNG","Manual, Automatic",No,,Interior/package refresh 2023,Tallboy city hatchback,https://d24ohqpcwj3ww1.cloudfront.net/gryd_file_system/media/document/3dc40a61-9567-4430-8ae2-731c74e4e68f-697b09ee_Suzuki-Wagon-R-2016-IN.pdf,https://d24ohqpcwj3ww1.cloudfront.net/gryd_file_system/media/document/3dc40a61-9567-4430-8ae2-731c74e4e68f-697b09ee_Suzuki-Wagon-R-2016-IN.pdf,"min_price: 554000, max_price: 742001",,India,India,,,,,,,,,Suzuki Motor Corporation,,,,,
,,,,,Maruti Suzuki Arena,WagonR,WagonR 3rd gen,"WagonR, Wagon-R, wagon R, maruti suzuki wagonr, maruti wagon R",2019,2025,Active,,,Passenger vehicles,Hatchback,"Petrol, CNG","Manual, Automatic",No,,Interior/package refresh 2023,Tallboy city hatchback,https://d24ohqpcwj3ww1.cloudfront.net/gryd_file_system/media/document/53c8df57-2b77-4676-8ca8-fe6b87b67e87-697b0a40_Arena-Wagon-r-Brochure.pdf,https://d24ohqpcwj3ww1.cloudfront.net/gryd_file_system/media/document/53c8df57-2b77-4676-8ca8-fe6b87b67e87-697b0a40_Arena-Wagon-r-Brochure.pdf,"min_price: 498900, max_price:694900",,India,India,,,,,,,,,Suzuki Motor Corporation,,,,"The Maruti Suzuki WagonR is a tall-boy hatchback designed for maximum interior space and practicality. It is offered with 1.0L and 1.2L petrol engines paired with manual and AMT options. The WagonR emphasizes ease of entry, strong fuel efficiency, and everyday usability.","Hyundai Santro, Tata Tiago, Renault Triber"
,,,,,Maruti Suzuki Nexa,Baleno,Baleno,"baleno,new baleno, maruti suzuki baleno, maruti baleno",2015,2025,Active,,,Passenger vehicles,Hatchback,"Petrol, CNG","Manual, Automatic",Yes,"Exterior, interior & safety update",,Premium hatchback,https://d24ohqpcwj3ww1.cloudfront.net/gryd_file_system/media/document/7c00209d-fd4e-4cb5-be72-81a2bf571f15-69843229_Suzuki-Baleno-2025-IN.pdf,https://d24ohqpcwj3ww1.cloudfront.net/gryd_file_system/media/document/7c00209d-fd4e-4cb5-be72-81a2bf571f15-69843229_Suzuki-Baleno-2025-IN.pdf,"min_price: 666000, max_price: 979000",,India,India,,,,,,,,,Suzuki Motor Corporation,,,,"The Maruti Suzuki Baleno is a premium hatchback focusing on comfort, refinement, and modern technology. Powered by a 1.2L petrol engine, it offers a spacious cabin, advanced infotainment features, and a smooth ride, positioning it as a strong urban and highway performer.","Hyundai i20, Toyota Glanza, Honda Jazz"
,,,,,Maruti Suzuki Nexa,Ciaz,Ciaz,"Ciaz, maruti ciaz, maruti suzuki ciaz",2014,2025,Active,,,Passenger vehicles,Hatchback,Petrol,"Manual, Automatic",No,,,Comfortable midsize sedan,https://d24ohqpcwj3ww1.cloudfront.net/gryd_file_system/media/document/60ffda90-3323-4910-b7ce-f5d65f4059fa-69843345_Suzuki-Ciaz-2025-IN.pdf,https://d24ohqpcwj3ww1.cloudfront.net/gryd_file_system/media/document/60ffda90-3323-4910-b7ce-f5d65f4059fa-69843345_Suzuki-Ciaz-2025-IN.pdf,"min_price: 923000, max_price: 1209000",,India,India,,,,,,,,,Suzuki Motor Corporation,,,,"The Maruti Suzuki Ciaz is a mid-size sedan designed for comfort, space, and fuel efficiency. It is powered by a 1.5L petrol mild-hybrid engine and offers a refined ride, spacious rear seating, and premium interior elements suited for long-distance travel.","Honda City, Toyota Yaris, Skoda Slavia"
,,,,,Maruti Suzuki Nexa,Fronx,Fronx,"Fronx, fronx suv, maruti fronx, maruti suzuki fronx, nexa fronx",2023,2025,Active,,,Passenger vehicles,SUV,Petrol,"Manual, Automatic",,,,Stylish compact crossover,https://d24ohqpcwj3ww1.cloudfront.net/gyd_file_system/media/document/4eb6865e-9993-4e31-80fe-2467eb878a39-69843c27_Suzuki-Fronx-2025-IN.pdf,https://d24ohqpcwj3ww1.cloudfront.net/gyd_file_system/media/document/4eb6865e-9993-4e31-80fe-2467eb878a39-69843c27_Suzuki-Fronx-2025-IN.pdf,"min_price: 751000, max_price: 1303000",,India,India,,,,,,,,,Suzuki Motor Corporation,,,,"The Maruti Suzuki Fronx is a compact crossover featuring sporty coupe-inspired styling. It is offered with 1.2L naturally aspirated petrol and 1.0L turbo petrol engines. The Fronx focuses on youthful design, efficiency, and a comfortable urban driving experience.","Hyundai Venue, Tata Nexon, Kia Sonet"
,,,,,Maruti Suzuki Nexa,Grand Vitara,Grand Vitara,"Grand Vitara, new grand vitara, maruti grand vitara, maruti suzuki grand vitara, nexa grand vitara",2022,2025,Active,,,Passenger vehicles,SUV,"Petrol,Hybrid","Manual, Automatic",Yes,Feature and hybrid system update,,Hybrid midsize SUV,https://d24ohqpcwj3ww1.cloudfront.net/gryd_file_system/media/document/eab1f907-6267-4e9f-bf5d-e07ec9ba1252-69843c9e_Suzuki-Grand-Vitara-2024-IN_1.pdf,https://d24ohqpcwj3ww1.cloudfront.net/gryd_file_system/media/document/eab1f907-6267-4e9f-bf5d-e07ec9ba1252-69843c9e_Suzuki-Grand-Vitara-2024-IN_1.pdf,"min_price: 1080000, max_price: 1995000",,India,India,,,,,,,,,Suzuki Motor Corporation,,,,"The Maruti Suzuki Grand Vitara is a mid-size SUV offering mild-hybrid and strong-hybrid powertrain options. It focuses on fuel efficiency, comfort, and technology, with available AWD capability, making it suitable for both urban and mild off-road usage.","Toyota Urban Cruiser Hyryder, Hyundai Tucson, Kia Seltos"
,,,,,Maruti Suzuki Nexa,Ignis,Ignis,"Ignis, ignus, maruti ignis, maruti suzuki ignis, nexa ignis",2017,2025,Active,,,Passenger vehicles,Hatchback,Petrol,"Manual, Automatic",Yes,Minor exterior and feature update,,Compact urban hatchback,https://d24ohqpcwj3ww1.cloudfront.net/gryd_file_system/media/document/6b72d66c-2f45-4ebb-b0ba-4356bcd53629-69843d37_Suzuki-Ignis-2017-IN.pdf,https://d24ohqpcwj3ww1.cloudfront.net/gryd_file_system/media/document/6b72d66c-2f45-4ebb-b0ba-4356bcd53629-69843d37_Suzuki-Ignis-2017-IN.pdf,"min_price: 584000, max_price: 857000",,India,India,,,,,,,,,Suzuki Motor Corporation,,,,"The Maruti Suzuki Ignis is a compact urban hatchback with a distinctive design and high seating position. Powered by a 1.2L petrol engine, it emphasizes ease of driving, compact dimensions, and practicality for city environments.","Tata Punch, Hyundai Casper, Nissan Magnite"
,,,,,Maruti Suzuki Nexa,Invicto,Invicto,"Invicto, maruti invicto, maruti suzuki invicto, nexa invicto",2023,2025,Active,,,Passenger vehicles,MUV,"Petrol,Hybrid","Manual, Automatic",No,,,Premium family MPV,https://d24ohqpcwj3ww1.cloudfront.net/gryd_file_system/media/document/50ebc0f9-98c1-4a81-8655-4f2628756776-69843d9e_Suzuki-Invicto-2023-IN.pdf,https://d24ohqpcwj3ww1.cloudfront.net/gryd_file_system/media/document/50ebc0f9-98c1-4a81-8655-4f2628756776-69843d9e_Suzuki-Invicto-2023-IN.pdf,"min_price: 2521000, max_price: 2892000",,India,India,,,,,,,,,Suzuki Motor Corporation,,,,"The Maruti Suzuki Invicto is a premium MPV based on the Toyota Innova Hycross platform. It offers a strong-hybrid powertrain, luxurious interiors, advanced safety features, and spacious 7- or 8-seat configurations focused on premium family travel.","Toyota Innova Hycross, Kia Carnival, Mahindra Marazzo"
,,,,,Maruti Suzuki Nexa,Jimny,Jimny,"Jimny, jiminee, maruti jimny, maruti suzuki jimny, nexa jimny",2023,2025,Active,,,Passenger vehicles,SUV,Petrol,"Manual, Automatic",No,,,Compact off-road SUV,https://d24ohqpcwj3ww1.cloudfront.net/gryd_file_system/media/document/30f38836-32d1-4b0d-ad9c-0225cf2bdb9e-69843dee_Suzuki-Jimny-2024-IN.pdf,https://d24ohqpcwj3ww1.cloudfront.net/gryd_file_system/media/document/30f38836-32d1-4b0d-ad9c-0225cf2bdb9e-69843dee_Suzuki-Jimny-2024-IN.pdf,"min_price: 1274000, max_price: 1479000",,India,India,,,,,,,,,Suzuki Motor Corporation,,,,"The Maruti Suzuki Jimny is a lifestyle off-road SUV built on a ladder-frame chassis. Powered by a 1.5L petrol engine with AllGrip Pro 4x4, it emphasizes rugged capability, compact dimensions, and strong off-road performance.","Mahindra Thar, Force Gurkha, Suzuki Samurai"
,,,,,Maruti Suzuki Nexa,XL6,XL6,"XL6, xl 6, maruti xl6, maruti suzuki xl6, nexa xl6",2019,2025,Active,,,Passenger vehicles,MUV,"Petrol, CNG","Manual, Automatic",Yes,Design refresh with feature upgrades,,Premium 6-seater MPV,https://d24ohqpcwj3ww1.cloudfront.net/gryd_file_system/media/document/92fbd3e9-a175-4188-a099-f8af0014900f-69843e89_Suzuki-XL6-2024-IN.pdf,https://d24ohqpcwj3ww1.cloudfront.net/gryd_file_system/media/document/92fbd3e9-a175-4188-a099-f8af0014900f-69843e89_Suzuki-XL6-2024-IN.pdf,"min_price: 1161000, max_price: 1441000",,India,India,,,,,,,,,Suzuki Motor Corporation,,,,"The Maruti Suzuki XL6 is a premium 6-seater MPV offering captain seats and enhanced interior comfort. It is powered by a 1.5L petrol mild-hybrid engine and focuses on style, comfort, and family-oriented usability.","Renault Triber, Toyota Innova Crysta, Mahindra Marazzo"
,,,,,Tata Motors,TataTiago,Tiago,"Tata Tiago, tiago",2016,2025,Active,,,Passenger vehicles,Hatchback,"Petrol,CNG","Manual, Automatic",Yes,"The 2025 Tiago facelift mainly adds a sharper front look and more tech inside. It gets a new grille with full-LED headlamps, shark-fin antenna, refreshed wheels, plus a bigger 10.25‑inch touchscreen, updated digital cluster, new two‑spoke illuminated steering wheel and revised seat fabric, while keeping the same 1.2L petrol/CNG engines",,Value city hatchback,https://d24ohqpcwj3ww1.cloudfront.net/gryd_file_system/media/document/cdabb404-b553-4f16-903f-611eced6a19f-694e725a_Tata-Tiago-2025-IN.pdf,https://d24ohqpcwj3ww1.cloudfront.net/gryd_file_system/media/document/cdabb404-b553-4f16-903f-611eced6a19f-694e725a_Tata-Tiago-2025-IN.pdf,"min_price: 560000, max_price: 882000",,India,India,,,,,,,,,Tata Motors Limited,,,,"The Tata Tiago is an entry-level hatchback known for its strong build quality and safety focus. Powered by a 1.2L petrol engine, it offers a comfortable ride, solid handling, and practical interior features suitable for daily use.","Maruti Suzuki Celerio, Hyundai Santro, Renault Kwid"
,,,,,Tata Motors,Tata Tigor,Tigor,"Tata Tigor, tigor, tigor sedan",2017,2025,Active,,,Passenger vehicles,Sedan,"Petrol,CNG","Manual, Automatic",No,,,Compact sedan,https://d24ohqpcwj3ww1.cloudfront.net/gryd_file_system/media/document/88df5046-2f8a-4585-8b23-eec82f2e4364-69844598_Tata-Tigor-2024-IN.pdf,https://d24ohqpcwj3ww1.cloudfront.net/gryd_file_system/media/document/88df5046-2f8a-4585-8b23-eec82f2e4364-69844598_Tata-Tigor-2024-IN.pdf,"min_price: 600000, max_price: 940000",,India,India,,,,,,,,,Tata Motors Limited,,,,"The Tata Tigor is a compact sedan emphasizing safety, comfort, and practicality. It is powered by a 1.2L petrol engine and offers a spacious cabin, refined ride quality, and strong safety credentials.","Hyundai Aura, Maruti Suzuki Dzire, Honda Amaze"
,,,,,Tata Motors,Tata Altroz,Altroz,"New Altroz, Tata Altroz, Altroz Hatchback",2020,2025,Active,,,Passenger vehicles,Hatchback,"Petrol,Diesel","Manual, Automatic",No,,,Premium hatchback,https://d24ohqpcwj3ww1.cloudfront.net/gryd_file_system/media/document/39ca7f80-8ceb-40c8-a3ef-f45b654f5d2d-698446ba_Tata-Altroz-2025-IN.pdf,https://d24ohqpcwj3ww1.cloudfront.net/gryd_file_system/media/document/39ca7f80-8ceb-40c8-a3ef-f45b654f5d2d-698446ba_Tata-Altroz-2025-IN.pdf,"min_price: 665000, max_price: 1100000",,India,India,,,,,,,,,Tata Motors Limited,,,,"The Tata Altroz is a premium hatchback built on the ALFA platform, offering excellent safety and ride quality. It is available with turbo petrol and diesel engine options and focuses on premium interiors, comfort, and stability.","Hyundai i20, Maruti Suzuki Baleno, Volkswagen Polo"
,,,,,Tata Motors,Tata Punch,Punch,"Punch, Tata Punch, Punch Micro SUV",2021,2025,Active,,,Passenger vehicles,SUV,"Petrol,CNG","Manual, Automatic",Yes,Exterior refresh with feature upgrade,,Micro SUV,https://d24ohqpcwj3ww1.cloudfront.net/gryd_file_system/media/document/4db136db-9fc7-4e6c-840e-c8717bd99287-698447b4_Tata-Punch-2026-IN.pdf,https://d24ohqpcwj3ww1.cloudfront.net/gryd_file_system/media/document/4db136db-9fc7-4e6c-840e-c8717bd99287-698447b4_Tata-Punch-2026-IN.pdf,"min_price: 600000, max_price: 1000000",,India,India,,,,,,,,,Tata Motors Limited,,,,"The Tata Punch is a micro-SUV with high ground clearance and a 5-star Global NCAP safety rating. Powered by a 1.2L petrol engine, it emphasizes rugged styling, safety, and urban versatility.","Renault Kiger, Nissan Magnite, Hyundai Casper"
,,,,,Tata Motors,Tata Punch.ev,Punch.ev,"Punch EV, Tata Punch EV, Tata Punch Electric, Punch Electric SUV",2024,2025,Active,,,Passenger vehicles,SUV,Electric,Automatic,No,,,Electric micro SUV,https://d24ohqpcwj3ww1.cloudfront.net/gryd_file_system/media/document/8593fd6a-f712-4094-a703-977368735248-69844815_Tata-Punch-EV-2024-IN.pdf,https://d24ohqpcwj3ww1.cloudfront.net/gryd_file_system/media/document/8593fd6a-f712-4094-a703-977368735248-69844815_Tata-Punch-EV-2024-IN.pdf,"min_price: 1099000, max_price: 1499000",,India,India,,,,,,,,,Tata Motors Limited,,,,"The Tata Punch.ev is a compact electric SUV offering modern design, multiple battery options, and practical urban range. It focuses on zero-emission mobility, advanced features, and everyday usability.","MG Comet EV, Citroen e-C3, Renault Kiger EV"
,,,,,Tata Motors,Tata Nexon,Nexon,"New Nexon, Tata Nexon, Nexon SUV",2017,2025,Active,,,Passenger vehicles,SUV,"Petrol,Diesel","Manual, Automatic",Yes,Complete exterior and interior redesign,,Compact SUV,https://d24ohqpcwj3ww1.cloudfront.net/gryd_file_system/media/document/3893a5ac-e6cb-42fa-891a-2e719dbd366e-69844867_Tata-Nexon-2024-IN.pdf,https://d24ohqpcwj3ww1.cloudfront.net/gryd_file_system/media/document/3893a5ac-e6cb-42fa-891a-2e719dbd366e-69844867_Tata-Nexon-2024-IN.pdf,"min_price: 840000, max_price: 1500000",,India,India,,,,,,,,,Tata Motors Limited,,,,,"Hyundai Venue, Kia Sonet, Maruti Suzuki Fronx"
,,,,,Tata Motors,Tata Nexon.ev,Nexon.ev,"Nexon EV, Tata Nexon EV, Nexon Electric",2020,2025,Active,,,Passenger vehicles,SUV,Electric,Automatic,No,,,Electric compact SUV,https://d24ohqpcwj3ww1.cloudfront.net/gryd_file_system /media/document/65fc0d06-36f0-40c7-bcb3-1f4d8c4de5b6-698448c1_Tata-Nexon-EV-2024-IN.pdf,https://d24ohqpcwj3ww1.cloudfront.net/gryd_file_system /media/document/65fc0d06-36f0-40c7-bcb3-1f4d8c4de5b6-698448c1_Tata-Nexon-EV-2024-IN.pdf,"min_price: 1499000, max_price: 1900000",,India,India,,,,,,,,,Tata Motors Limited,,,,,"MG ZS EV, Hyundai Kona EV, Mahindra XUV400 EV"
,,,,,Tata Motors,Tata Harrier,Harrier,"Harrier, Tata Harrier, Harrier SUV",2019,2025,Active,,,Passenger vehicles,SUV,Diesel,"Manual, Automatic",Yes,Major design and technology update,,Premium diesel SUV,https://d24ohqpcwj3ww1.cloudfront.net/gryd_file_system/media/document/8d4d78bc-8388-4bbf-8411-b30307fb8730-6984491a_Tata-Harrier-2024-IN.pdf,https://d24ohqpcwj3ww1.cloudfront.net/gryd_file_system/media/document/8d4d78bc-8388-4bbf-8411-b30307fb8730-6984491a_Tata-Harrier-2024-IN.pdf,"min_price: 1500000, max_price: 2600000",,India,India,,,,,,,,,Tata Motors Limited,,,,,"MG Hector, Hyundai Creta , Jeep Compass"
,,,,,Tata Motors,Tata Safari,Safari,"Safari, Tata Safari, Safari SUV,",2021,2025,Active,,,Passenger vehicles,SUV,Diesel,"Manual, Automatic",Yes,Design refresh with feature upgrades,,Flagship 3-row SUV,https://d24ohqpcwj3ww1.cloudfront.net/gryd_file_system/media/document/e9b50340-384e-4feb-8ca0-f5df77a0c8f6-69844970_Tata-Safari-2024-IN.pdf,https://d24ohqpcwj3ww1.cloudfront.net/gryd_file_system/media/document/e9b50340-384e-4feb-8ca0-f5df77a0c8f6-69844970_Tata-Safari-2024-IN.pdf,"min_price: 1600000, max_price: 2700000",,India,India,,,,,,,,,Tata Motors Limited,,,,,"MG Hector Plus, Mahindra XUV700, Hyundai Alcazar"
,,,,,Tata Motors,Tata Tiago.ev,Tiago.ev,"Tiago EV, Tata Tiago EV, Tiago Electric, Tata Tiago Electric",2022,2025,Active,,,Passenger vehicles,Hatchback,Electric,Automatic,No,,,Affordable electric hatchback,https://d24ohqpcwj3ww1.cloudfront.net/gryd_file_system/media/document/0bae9150-ef01-491a-95b4-055ad1fe022c-69844b67_Tata-Tiago-EV-2024-IN.pdf,https://d24ohqpcwj3ww1.cloudfront.net/gryd_file_system/media/document/0bae9150-ef01-491a-95b4-055ad1fe022c-69844b67_Tata-Tiago-EV-2024-IN.pdf,"min_price: 799000, max_price: 1199000",,India,India,,,,,,,,,Tata Motors Limited,,,,,"Mahindra eKUV100, Citroën e-C3 EV"
,,,,,Tata Motors,Tata Tigor.ev,Tigor.ev,"Tigor EV, Tata Tigor EV, Tigor Electric",2021,2025,Active,,,Passenger vehicles,Sedan,Electric,Automatic,No,,,Electric compact sedan,https://d24ohqpcwj3ww1.cloudfront.net/gryd_file_system/media/document/f750acf3-68f5-4569-8086-d2ccdabad80b-69844487_Tata-Tigor-EV-2024-IN.pdf,https://d24ohqpcwj3ww1.cloudfront.net/gryd_file_system/media/document/f750acf3-68f5-4569-8086-d2ccdabad80b-69844487_Tata-Tigor-EV-2024-IN.pdf,"min_price: 1249000, max_price: 1349000",,India,India,,,,,,,,,Tata Motors Limited,,,,,Renault Kwid EV
,,,,,Jeep,Meridian,Meridian,"Jeep Meridian, Jeep Meridian SUV, Meridian",2022,2025,Active,,,Passenger vehicles,SUV,"Petrol, Diesel","Manual, Automatic",Yes,"Jeep introduced the MY2025 Meridian with a mild facelift: minor exterior tweaks, added tech (like ADAS on top trims), and new 5‑ and 7‑seater options, but the same basic engine and platform.",,Premium 3-row SUV,https://d24ohqpcwj3ww1.cloudfront.net/gryd_file_system/media/document/d0482d38-5256-46d0-9698-28823ab3ba4e-69844bc7_New-Jeep-Meridian-Brochure.pdf,https://d24ohqpcwj3ww1.cloudfront.net/gryd_file_system/media/document/d0482d38-5256-46d0-9698-28823ab3ba4e-69844bc7_New-Jeep-Meridian-Brochure.pdf,"min_price: 2333000, max_price:3748000",,India,India,,,,,,,,,Jeep,,,,"- The Jeep Meridian is a premium, feature-rich SUV from Jeep India that blends bold SUV design, robust performance, advanced safety technology, a refined interior, and modern connectivity. The official ex-showroom price range starts from ₹23.33 lakh - rest assured that you will get the best deal at the dealership. It stands out with a strong 2.0 L Multijet II diesel engine paired with a 9-speed automatic or 6-speed manual, capable performance in both 4x2 and 4x4 configurations, and legendary Jeep capability. The exterior combines a powerful stance with signature Jeep design cues, LED headlamps, muscular body lines and 18-inch alloy wheels that convey both presence and capability. Inside, Meridian offers a premium cabin with spacious seating in 5-seater and 7-seater options, 12-way powered front seats, dual-zone automatic climate control, leather/vegan leather upholstery, and flexible boot space. The SUV’s infotainment is anchored by a large Uconnect touchscreen (10.1-inch) with wireless Apple CarPlay/Android Auto, integrated navigation, connected car features including Alexa Home-to-Vehicle support, remote engine start/stop with AC pre-conditioning and smartwatch connectivity, making it tech-forward and intuitive. Meridian also emphasises entertainment with a quality audio system and immersive digital displays. On the safety front, it comes standard with six airbags, ABS with EBD, traction control, electronic stability control, hill start assist, electronic parking brake, tyre pressure monitoring system, 360° cameras and a comprehensive ADAS suite (Adaptive Cruise Control, Forward Collision Mitigation Braking, Lane Keep Assist, Blind Spot Detection, Intelligent Speed Assist and more) on top trims, delivering high confidence and protection. \n - The variant lineup for Jeep Meridian as per the official Jeep India site and updated market guides includes Longitude, Longitude Plus, Limited (O), and Overland, each catering to different customer needs and budget brackets with official ex-showroom pricing starting around ₹23.33 Lakh* for the base Meridian Longitude and rising to the top-spec Overland 4×4 AT. The Longitude variant offers essential SUV highlights like LED headlights with DRLs, roof rails, dual-zone climate control, a semi-digital instrument cluster, 10.1-inch infotainment with wireless smartphone connectivity, basic safety suite and cruise control, making it a strong value proposition. The Longitude Plus builds on this by adding a panoramic sunroof, contrast roof, wireless charger, leather steering wheel, auto-dimming IRVM, and third-row reclining seats for greater comfort and convenience. The Limited (O) variant steps up the luxury and technology with features like powered 8-way driver and front passenger seats with memory, ventilated seats, a larger digital instrument cluster, a premium Alpine 9-speaker sound system, third-row AC vents, a powered tailgate and a 360° camera, enhancing the Meridian’s upscale appeal. The Overland is the top-tier offering that adds chrome accents, suede interior touches, 4×4 capability with Jeep Active Drive and Selec-Terrain, and a comprehensive Level-2 ADAS suite (including adaptive cruise, lane departure warnings, collision mitigation and more) for the most advanced safety and off-road confidence. Additionally, Jeep has introduced special editions like Meridian X and Meridian Upland that bring unique styling and accessory enhancements for lifestyle and adventurous buyers.\n - The Meridian’s colour palette includes a variety of premium exterior shades such as Techno Metallic Green, Brilliant Black, Pearl White, Velvet Red, Magnesio Grey, Galaxy Blue, Silvery Moon and Minimal Grey, allowing buyers to personalise their SUV’s presence. \n - When compared with competitors such as the Toyota Fortuner, MG Gloster, and Skoda Kodiaq, the Jeep Meridian offers several compelling advantages. Against the Toyota Fortuner, Meridian generally comes at a lower entry price while still delivering sophisticated interior technology, advanced connectivity and modern ADAS capabilities that are optional or less comprehensive on the Fortuner, making Meridian a strong choice for tech-centric buyers seeking a premium SUV experience. Versus the MG Gloster, while both offer ADAS and premium features, Meridian combines legendary Jeep off-road credibility with a more engaging driving feel and connected tech (Alexa integration, remote pre-conditioning) that gives it an edge in usability and lifestyle integration. In comparison to the Skoda Kodiaq, Meridian typically offers better value with its competitive feature set and 4×4 capability options at a similar price point, along with Jeep’s rugged brand heritage appealing to customers valuing both urban luxury and trail capability. Overall, the Jeep Meridian stands out for its blend of advanced safety technology, robust performance, premium interior comfort, and modern connectivity features, positioning it as a compelling choice in the premium SUV segment.","Toyota Fortuner, MG Gloster, Skoda Kodiaq, BYD Atto 3"
,,,,,Citroen,Basalt X,Basalt X,Citroen Basalt X,2024,2025,Active,,,Passenger vehicles,SUV,Petrol,"Manual, Automatic",,,,Coupe-style SUV,https://d24ohqpcwj3ww1.cloudfront.net/gryd_file_system/media/document/200db4f7-eabe-47c6-86d8-150114d2488f-69844c37_BasaltX_Brochure_30.10.pdf,https://d24ohqpcwj3ww1.cloudfront.net/gryd_file_system/media/document/200db4f7-eabe-47c6-86d8-150114d2488f-69844c37_BasaltX_Brochure_30.10.pdf,"min_price: 815000, max_price:1355500",,India,India,,,,,,,,,Citroen,,,,"- The Citroen Basalt X is India’s first SUV-Coupe in its segment, combining bold French styling with comfort-led engineering and certified safety to deliver a distinctive yet practical driving experience. an official ex-showroom price range starts from ₹8.14 lakh - rest assured that you will get the best deal at the dealership.  Built around Citroen’s global comfort DNA, it merges SUV versatility with a sporty coupe silhouette, offering strong road presence alongside everyday usability. The Basalt X has earned a 4-Star Safety Rating from Bharat NCAP for both Adult and Child Occupant Protection, confirming its strong structural integrity and crash performance under official testing standards. Supporting this rating, it comes equipped with comprehensive passive safety features including 6 airbags (driver, passenger, side and curtain), 3-point seatbelts for all occupants, seatbelt reminders for every seat, and ISOFIX child seat anchors with top tether, ensuring protection across the cabin. Active safety systems such as ESP (Electronic Stability Program), Hill Hold Assist, and ABS with EBD enhance stability, maintain grip during sudden manoeuvres, prevent skidding, and avoid rollback on inclines, helping prevent accidents before they occur. Visibility and driver awareness are strengthened with the Halo 360° Camera, reverse parking sensors, auto-dimming IRVM, LED Vision projector headlamps, projector fog lamps, and signature LED DRLs, providing confidence in tight city spaces and low-light conditions. The vehicle also proactively safeguards occupants through features like the Tyre Pressure Monitoring System and High Speed Alert system, which issues warnings at 80 km/h and continuous alerts at 120 km/h, ensuring risks are identified early. \n - Beyond safety, the Basalt X offers a connected ecosystem with remote AC pre-conditioning, remote lock/unlock, live vehicle diagnostics, and full integration with the MyCitroen app. Inside, the technology experience is anchored by a 10.25-inch lag-free touchscreen with wireless Apple CarPlay and Android Auto, wireless charging, and a 7-inch digital driver display, delivering seamless connectivity. A key highlight in higher variants is CARA, India’s first intelligent in-car companion in the segment, designed to go beyond basic voice commands by enabling continuous, contextual conversation. CARA personalizes interactions by remembering user preferences, supports navigation, weather updates, flight status checks, and real-time information access, enables calling and SOS assistance, controls multimedia functions, and even provides vehicle-related guidance. With multilingual capability and natural speech recognition, CARA transforms the cabin into an interactive and intelligent environment. Together, certified crash safety, active stability systems, preventive alerts, connected technology, and AI-powered assistance position the Citroen Basalt X as a stylish, secure, and smart SUV-coupe built for modern drivers. \n - Regarding variants and their unique highlights, Basalt is offered in three core trims: You, Plus and Max, with multiple variant permutations including NA and Turbo petrol options, and manual/automatic gearboxes. The entry-level 'You' focuses on essentials with halogen headlamps, steel wheels, basic safety suite (6 airbags, ABS, ESP, HHC, ISOFIX), manual AC and reverse parking sensors — delivering strong value at the base price. The 'Plus' variant adds a more upscale experience with LED DRLs, wheel covers, body-coloured handles, ORVM turn indicators, interior dual-tone trim, a larger touchscreen, digital driver display, height-adjustable driver seat and TPMS, elevating both comfort and tech. With the turbo engine in Plus, you get projector headlamps, fog lamps, automatic climate control, rear AC vents, rear defogger, and dual USB chargers — making it a compelling mid-range pick. The top-end 'Max' garners 16-inch alloy wheels, leather-wrapped steering wheel, semi-leatherette seats, connected car features, shark-fin antenna, rear camera, and smart tilt rear cushion (in AT) with dual-tone roof options that accentuate premium appeal. \n -In terms of colours available for Basalt, buyers can choose from single-tone shades including Polar White, Steel Grey, Platinum Grey, Cosmo Blue, and Garnet Red, along with dual-tone combinations like Polar White with Black roof and Garnet Red with Black roof, offering both classic and contrasting looks.\n - When compared with key competitors such as the Hyundai Creta, Kia Seltos and Tata Curvv, the Basalt holds its own due to its distinctive SUV-coupe styling and comfort-focused ride quality that’s often cited as more compliance-oriented than the typically firmer rivals. Against the Creta and Seltos, which are more mainstream SUVs with broader feature lists and dealer networks, Basalt delivers a unique exterior character with competitive safety and infotainment tech at a generally lower entry price, appealing to buyers seeking standout design and value — especially with features like a large touchscreen, connected car tech and advanced comfort suspension. Versus the Tata Curvv, Basalt’s ride comfort and brand-exclusive suspension tuning can be a preference point for buyers focused on long-journey ease and a more European ride feel, whereas Curvv leans more toward performance-oriented dynamics. In each comparison, Basalt’s combination of bold design, solid safety equipment, comfort-centric features and competitive pricing make it a compelling alternative to these established rivals for customers prioritising style and comfort without spending significantly more.","Maruti Suzuki Fronx, Tata Nexon, Hyundai Venue, Mahindra XUV 3XO"
,,,,,Citroen,Aircross,Aircross,Citroen Aircross,2023,2025,Active,,,Passenger vehicles,SUV,Petrol,"Manual, Automatic",,,,Spacious family SUV,https://d24ohqpcwj3ww1.cloudfront.net/gryd_file_system/media/document/814dc067-7d39-4919-bb45-955001e0c380-69844cfc_AircrossX_Brochure_30.10.pdf,https://d24ohqpcwj3ww1.cloudfront.net/gryd_file_system/media/document/814dc067-7d39-4919-bb45-955001e0c380-69844cfc_AircrossX_Brochure_30.10.pdf,"min_price: 849000, max_price:1414100",,India,India,,,,,,,,,Citroen,,,,"- The Citroen Aircross X is a bold and versatile SUV designed for modern Indian families, combining French design sophistication with SUV strength and everyday practicality. The official ex-showroom price starts from ₹8.29 lakh for the 5-Seater and ₹10.99 lakh for the 7-Seater - rest assured that you will get the best deal at the dealership. Built around Citroen's global comfort DNA and engineered in India, the Aircross X offers commanding road presence with 200 mm ground clearance, a muscular stance, and distinctive diamond-cut alloy wheels that enhance its strong SUV identity. Designed for flexibility, the Aircross X is available in both 5-seater and 7-seater configurations, with the 7-seater featuring Flexi-Pro seating, removable third-row seats, 60:40 split second-row tumble function, and a 3-step recline feature for maximum adaptability between passengers and luggage. Comfort remains central to the Aircross X experience with Citroen's signature suspension tuning that delivers a smooth and planted ride across varying road conditions. Best-in-class tropicalised automatic climate control, rear AC vents, rear roof vents (7-seater), and Tropicool ventilated front seats ensure superior cabin comfort even during peak Indian summers. The lounge-inspired interior features soft-touch materials, leatherette upholstery in higher trims, diffused ambient lighting, and a refined dual-tone cabin theme that creates a premium and relaxed driving environment. On the technology front, the Aircross X comes equipped with a 10.25-inch Citroen Connect floating touchscreen with wireless Apple CarPlay and Android Auto, paired with a 7-inch coloured digital TFT instrument cluster. Wireless charging, multiple Type-C fast charging ports across rows, cruise control with speed limiter, and Proxi-Sense passive entry with push start enhance convenience and everyday usability. A key highlight in higher variants is CARA, India's intelligent in-car companion, designed to go beyond basic voice commands with continuous conversations, personalised interactions, navigation assistance, weather updates, multimedia control, SOS support, and real-time information access with multilingual capability, transforming the cabin into a smart and interactive ecosystem. The Aircross X also integrates 40+ connected features through the MyCitroen Connect app including remote engine start/stop with pre-conditioning, geo-fencing, remote lock/unlock, intrusion alerts, fuel status monitoring, and vehicle tracking. The Aircross has a 5-star Bharat NCAP rating for Adult Occupant Protection and 4 stars for Child Occupant Protection. Safety is comprehensive with 6 airbags, Electronic Stability Program (ESP), Hill Hold Assist, ABS with EBD, ISOFIX child seat anchors with top tether, Tyre Pressure Monitoring System (TPMS), reverse parking sensors, electrochromic auto-dimming IRVM, and an available 360° camera system, along with high-speed alert warnings at 80 km/h and continuous alerts at 120 km/h to enhance preventive safety. Under the hood, the Aircross X offers PureTech petrol powertrains including a 1.2L naturally aspirated engine and a 1.2L turbo petrol engine with 5-speed manual, 6-speed manual, and 6-speed torque converter automatic transmission options, delivering strong mid-range performance with competitive fuel efficiency. \n - Regarding variants and their unique highlights, Aircross X is offered in three core trims: You, Plus, and Max across both 5-seater and 7-seater configurations with NA and Turbo petrol options. The entry-level 'You' 5-Seater starts at ₹8.29 lakh  and focuses on essentials with 6 airbags, ABS, ESP, Hill Hold Assist, manual AC, reverse parking sensors, and core comfort features, delivering strong value at the base price. The 7-Seater range starts from ₹10.99 lakh  and adds flexible third-row seating with enhanced practicality for larger families. The 'Plus' variant enhances the experience with a larger touchscreen, digital cluster, automatic climate control (with turbo), rear AC vents, additional charging ports, cruise control in select variants, and improved interior trims, offering a balanced mix of comfort and technology. The top-end 'Max' variant adds 17-inch diamond-cut alloy wheels, leatherette upholstery, ambient lighting, wireless charger, electrochromic IRVM, connected car features with 40+ smart functions, CARA intelligent assistant (in automatic variant), Proxi-Sense passive entry with push start, and dual-tone roof options, delivering a premium and tech-forward experience. \n - In terms of colours available for Aircross X, buyers can choose from monotone shades including Polar White, Steel Grey, Deep Forest Green, Cosmo Blue, Garnet Red, and Perla Nera Black, along with dual-tone combinations like Polar White with Black roof, Deep Forest Green with Black roof, Cosmo Blue with Polar White roof, and Garnet Red with Black roof, offering both elegant and sporty styling choices. \n - When compared with key competitors such as Hyundai Creta, Kia Seltos and Tata Curvv, the Aircross X stands out with its flexible 5 and 7-seater configuration, removable third-row seats, comfort-focused suspension tuning, and intelligent in-car assistant technology. While rivals may emphasize feature density or performance orientation, Aircross X prioritizes ride comfort, cabin flexibility, connected convenience, and family-centric usability, making it a compelling alternative for buyers seeking space, practicality, and distinctive European-inspired design at a competitive starting price.","Hyundai Creta, Kia Seltos, Maruti Suzuki Grand Vitara, Tata Nexon, Volkswagen Taigun, Skoda Kushaq, Honda Elevate, MG Astor"
,,,,,BYD,Atto 3,Atto 3,"Atto 3, BYD Atto3, BYD Atto 3 EV",2022,2025,Active,,,Passenger vehicles,SUV,Electric,Automatic,No,,,All-electric compact SUV,https://d24ohqpcwj3ww1.cloudfront.net/gryd_file_system/media/document/72583e8f-c605-4799-8514-4827122b713b-69844e61_Atto3_Black_Editions_New_Launch.pdf,https://d24ohqpcwj3ww1.cloudfront.net/gryd_file_system/media/document/72583e8f-c605-4799-8514-4827122b713b-69844e61_Atto3_Black_Editions_New_Launch.pdf,"min_price: 2499000, max_price: 3399000",,India,India,,,,,,,,,BYD Company Limited,,,,,"MG ZS EV, Tata Nexon.ev, Hyundai Kona EV"
,,,,,BYD,Seal,Seal,"Seal, BYD Seal, Seal EV",2024,2025,Active,,,Passenger vehicles,Sedan,Electric,Automatic,No,,,Premium electric sedan,https://d24ohqpcwj3ww1.cloudfront.net/gryd_file_system/media/document/458717a2-6160-4617-9232-f687a08ed9e8-69844eb1_Byd_Seal_New_Edition.pdf,https://d24ohqpcwj3ww1.cloudfront.net/gryd_file_system/media/document/458717a2-6160-4617-9232-f687a08ed9e8-69844eb1_Byd_Seal_New_Edition.pdf,"min_price: 4100000, max_price: 5315000",,India,India,,,,,,,,,BYD Company Limited,,,,,"Tesla Model 3, BMW i4, Polestar 2"
,,,,,BYD,Sealion 7,Sealion 7,"BYD Sealion7, Sealion-7, BYD Electric Coupe SUV",2024,2025,Active,,,Passenger vehicles,SUV,Electric,Automatic,No,,,Premium electric SUV,https://d24ohqpcwj3ww1.cloudfront.net/gryd_file_system/media/document/b1e752fe-de61-49ef-be40-93cb259a06b9-69844f5b_BYD-SEALION-7-Brochure_Final.pdf,https://d24ohqpcwj3ww1.cloudfront.net/gryd_file_system/media/document/b1e752fe-de61-49ef-be40-93cb259a06b9-69844f5b_BYD-SEALION-7-Brochure_Final.pdf,"min_price: 4890000, max_price: 5490000",,India,India,,,,,,,,,BYD Company Limited,,,,,"Tesla Model Y, Rivian R1S"
,,,,,BYD,e6,e6,"e6, BYD e6, e6 EV MPV",2021,2025,Active,,,Passenger vehicles,MUV,Electric,Automatic,No,,,Fleet and family EV MPV,https://d24ohqpcwj3ww1.cloudfront.net/gryd_file_system/media/document/6cdb2da0-0818-4636-88b1-5fde282d8a8d-69844eff_e6-specs-en.pdf,https://d24ohqpcwj3ww1.cloudfront.net/gryd_file_system/media/document/6cdb2da0-0818-4636-88b1-5fde282d8a8d-69844eff_e6-specs-en.pdf,"min_price: 2915000, max_price: 2915000",,India,India,,,,,,,,,BYD Company Limited,,,,,"Nissan e-NV200, BYD T3 EV"
,,,,,BYD,eMAX 7,eMAX 7,"eMAX7, BYD eMAX 7",2024,2025,Active,,,Passenger vehicles,MUV,Electric,Automatic,No,,,6/7-seater electric MPV,https://d24ohqpcwj3ww1.cloudfront.net/gryd_file_system/media/document/1c5568d4-935a-49dd-a336-daaa0af74423-69844f8f_BYD-eMax7-Brochure.pdf,https://d24ohqpcwj3ww1.cloudfront.net/gryd_file_system/media/document/1c5568d4-935a-49dd-a336-daaa0af74423-69844f8f_BYD-eMax7-Brochure.pdf,"min_price: 2690000, max_price: 2990000",,India,India,,,,,,,,,BYD Company Limited,,,,,"Toyota HiAce EV, Mercedes eVito"
,,,,,Kia,Seltos,Seltos,"Seltos, Kia New Seltos",2019,2025,Active,,,Passenger vehicles,SUV,"Petrol, Diesel","Manual, Automatic",Yes,2023 refresh,Feature + design uplift,Core Kia SUV,https://d24ohqpcwj3ww1.cloudfront.net/gryd_file_system/media/document/5be67f0f-7bf3-4190-9991-2fe6b6bb3afc-6984501c_KiaSeltosBrochureDesktop.pdf,https://d24ohqpcwj3ww1.cloudfront.net/gryd_file_system/media/document/5be67f0f-7bf3-4190-9991-2fe6b6bb3afc-6984501c_KiaSeltosBrochureDesktop.pdf,"min_price: 1099000, max_price: 1999000",,India,India,,,,,,,,,Kia Corporation,,,,,"Hyundai Creta, MG Hector, Toyota Hyryder"
,,,,,Kia,Sonet,Sonet,"Sonet, Kia Sonet",2020,2025,Active,,,Passenger vehicles,SUV,"Petrol, Diesel","Manual, Automatic",No,,,Compact urban SUV,https://d24ohqpcwj3ww1.cloudfront.net/gryd_file_system/media/document/a0d2f1ed-d399-4841-a779-859fc86c44f9-69844feb_SonetWildRebornBrochureDesktop.pdf,https://d24ohqpcwj3ww1.cloudfront.net/gryd_file_system/media/document/a0d2f1ed-d399-4841-a779-859fc86c44f9-69844feb_SonetWildRebornBrochureDesktop.pdf,"min_price: 730000, max_price: 1400000",,India,India,,,,,,,,,Kia Corporation,,,,,"Hyundai Venue, Tata Nexon, Maruti Suzuki Fronx"
,,,,,Kia,Carens,Carens,"Carens, Kia Carens",2022,2025,Active,,,Passenger vehicles,MPV,"Petrol, Diesel","Manual, Automatic",No,,,Family MPV,https://d24ohqpcwj3ww1.cloudfront.net/gryd_file_system/media/document/fbe944cb-2d84-468b-8583-d894dc06b6e2-69845196_Carens_A4_Leaflet.pdf,https://d24ohqpcwj3ww1.cloudfront.net/gryd_file_system/media/document/fbe944cb-2d84-468b-8583-d894dc06b6e2-69845196_Carens_A4_Leaflet.pdf,"min_price: 1099000, max_price: 1277000",,India,India,,,,,,,,,Kia Corporation,,,,,"Toyota Innova Crysta, Maruti Ertiga, Honda BR-V"
,,,,,Kia,EV6,EV6,"EV6, Kia EV6",2022,2025,Active,,,Passenger vehicles,Crossover,Electric,Automatic,No,,,Global electric crossover,https://d24ohqpcwj3ww1.cloudfront.net/gryd_file_system/media/document/645c4560-5fe0-44ce-bd4d-3ae70b496c17-69845403_EV6_Desktop_2025.pdf,https://d24ohqpcwj3ww1.cloudfront.net/gryd_file_system/media/document/645c4560-5fe0-44ce-bd4d-3ae70b496c17-69845403_EV6_Desktop_2025.pdf,"min_price: 6590000, max_price: 6590000",,India,India,,,,,,,,,Kia Corporation,,,,,"Tesla Model 3, Polestar 2, Hyundai Ioniq 5"
,,,,,Toyota,Glanza,Glanza,"Glanza, Toyota Glanza",2019,2025,Active,,,Passenger vehicles,Hatchback,Petrol,"Manual, Automatic",No,,,Premium hatchback,https://d24ohqpcwj3ww1.cloudfront.net/gryd_file_system/media/document/8e24402a-7a38-4faf-919a-3842232939ff-6984544d_e-brochure-glanza.pdf,https://d24ohqpcwj3ww1.cloudfront.net/gryd_file_system/media/document/8e24402a-7a38-4faf-919a-3842232939ff-6984544d_e-brochure-glanza.pdf,"min_price: 639000, max_price: 915000",,India,India,,,,,,,,,Toyota Motor Corporation,,,,,
,,,,,Toyota,Urban Cruiser Hyryder,Hyryder,"Hyryder, Toyota Hyryder",2022,2025,Active,,,Passenger vehicles,SUV,"Petrol, Hybrid","Manual, Automatic",No,,,Strong hybrid SUV,https://d24ohqpcwj3ww1.cloudfront.net/gryd_file_system/media/document/4ebc5242-00d1-4f06-951b-bb0ccc0ce4cf-698454b0_e-brochure-urbancruiser-hyryder.pdf,https://d24ohqpcwj3ww1.cloudfront.net/gryd_file_system/media/document/4ebc5242-00d1-4f06-951b-bb0ccc0ce4cf-698454b0_e-brochure-urbancruiser-hyryder.pdf,"min_price: 1095000, max_price: 1976000",,India,India,,,,,,,,,Toyota Motor Corporation,,,,,
,,,,,Toyota,Innova Hycross,Innova Hycross,"Hycross, Innova Hybrid",2022,2025,Active,,,Passenger vehicles,MPV,"Petrol, Hybrid",Automatic,No,,,Hybrid MPV,https://d24ohqpcwj3ww1.cloudfront.net/gryd_file_system/media/document/f16f9612-42e1-478d-8d9c-97ab1dc9331a-698454f2_e-brochure-hycross.pdf,https://d24ohqpcwj3ww1.cloudfront.net/gryd_file_system/media/document/f16f9612-42e1-478d-8d9c-97ab1dc9331a-698454f2_e-brochure-hycross.pdf,"min_price: 1833000, max_price: 3130000",,India,India,,,,,,,,,Toyota Motor Corporation,,,,,
,,,,,Hyundai,Grand i10 Nios,Grand i10 Nios,"Grand i10 Nios, i10 Nios, Hyundai i10 Nios",2019,2025,Active,,,Passenger vehicles,Hatchback,"Petrol, CNG","Manual, Automatic",No,,Periodic feature updates,Premium hatchback,https://d24ohqpcwj3ww1.cloudfront.net/gryd_file_system/media/document/63f9c0da-ef45-448e-a834-997ecd3667e3-69845574_grand-i10-nios-brochure.pdf,https://d24ohqpcwj3ww1.cloudfront.net/gryd_file_system/media/document/63f9c0da-ef45-448e-a834-997ecd3667e3-69845574_grand-i10-nios-brochure.pdf,"min_price: 555000, max_price: 792000",,India,India,,,,,,,,,Hyundai Motor Company,,,,,
,,,,,Hyundai,i20,i20,"i20, Elite i20, Hyundai i20",2008,2025,Active,,,Passenger vehicles,Hatchback,Petrol,"Manual, Automatic",Yes,Multiple facelifts,"Design, infotainment, safety upgrades",Premium hatchback,https://d24ohqpcwj3ww1.cloudfront.net/gryd_file_system/media/document/f6485e33-318e-43a4-80e4-46d1e0faea75-698455d4_i20-brochure.pdf,https://d24ohqpcwj3ww1.cloudfront.net/gryd_file_system/media/document/f6485e33-318e-43a4-80e4-46d1e0faea75-698455d4_i20-brochure.pdf,"min_price: 687000, max_price: 1044000",,India,India,,,,,,,,,Hyundai Motor Company,,,,,
,,,,,Hyundai,Aura,Aura,"Aura, Hyundai Aura",2020,2025,Active,,,Passenger vehicles,Sedan,"Petrol, CNG","Manual, Automatic",No,,Feature and comfort updates,Compact sedan,https://d24ohqpcwj3ww1.cloudfront.net/gryd_file_system/media/document/1b96b724-895b-46a5-bf6f-c13e7a4b600a-6984640d_Aura-Digital-Brochure.pdf,https://d24ohqpcwj3ww1.cloudfront.net/gryd_file_system/media/document/1b96b724-895b-46a5-bf6f-c13e7a4b600a-6984640d_Aura-Digital-Brochure.pdf,"min_price: 598000, max_price: 842000",,India,India,,,,,,,,,Hyundai Motor Company,,,,,
,,,,,Hyundai,Verna,Verna,"Verna, New Verna, Hyundai Verna",2006,2025,Active,,,Passenger vehicles,Sedan,Petrol,"Manual, Automatic",Yes,2023 new generation,"Platform, engine, ADAS uplift",Mid-size sedan,https://d24ohqpcwj3ww1.cloudfront.net/gryd_file_system/media/document/882668d4-9876-45fd-8a5e-5eea9f693497-69846464_Verna-with-Spoiler-Brochure.pdf,https://d24ohqpcwj3ww1.cloudfront.net/gryd_file_system/media/document/882668d4-9876-45fd-8a5e-5eea9f693497-69846464_Verna-with-Spoiler-Brochure.pdf,"min_price: 1080000, max_price: 1713000",,India,India,,,,,,,,,Hyundai Motor Company,,,,,
,,,,,Hyundai,Venue,Venue,"Venue, Hyundai Venue",2019,2025,Active,,,Passenger vehicles,SUV,"Petrol, Diesel","Manual, Automatic",Yes,2022 facelift,"Exterior, interior, safety update",Compact SUV,https://d24ohqpcwj3ww1.cloudfront.net/gryd_file_system/media/document/1e3eaf22-28e4-4af6-9018-d5178e58200c-698464b4_VenuedigitalBrochure.pdf,https://d24ohqpcwj3ww1.cloudfront.net/gryd_file_system/media/document/1e3eaf22-28e4-4af6-9018-d5178e58200c-698464b4_VenuedigitalBrochure.pdf,"min_price: 790000, max_price: 1569000",,India,India,,,,,,,,,Hyundai Motor Company,,,,,
,,,,,Hyundai,Creta,Creta,"Creta, New Creta, Hyundai Creta",2015,2025,Active,,,Passenger vehicles,SUV,"Petrol, Diesel","Manual, Automatic",Yes,2024 facelift,"Styling, tech, ADAS upgrades",Mid-size SUV,https://d24ohqpcwj3ww1.cloudfront.net/gryd_file_system/media/document/26700b30-4baf-4eb9-b586-5fc736d4c519-6984650f_creta-brochure.pdf,https://d24ohqpcwj3ww1.cloudfront.net/gryd_file_system/media/document/26700b30-4baf-4eb9-b586-5fc736d4c519-6984650f_creta-brochure.pdf,"min_price: 1079000, max_price: 2020000",,India,India,,,,,,,,,Hyundai Motor Company,,,,,
,,,,,Hyundai,Alcazar,Alcazar,"Alcazar, Hyundai Alcazar",2021,2025,Active,,,Passenger vehicles,SUV,"Petrol, Diesel","Manual, Automatic",Yes,2024 update,Feature and interior refresh,3-row family SUV,https://d24ohqpcwj3ww1.cloudfront.net/gryd_file_system/media/document/a77053e9-f199-47a5-b897-cd26c5a09de4-6984654e_Alcazardigital.pdf,https://d24ohqpcwj3ww1.cloudfront.net/gryd_file_system/media/document/a77053e9-f199-47a5-b897-cd26c5a09de4-6984654e_Alcazardigital.pdf,"min_price: 1450000, max_price: 2121000",,India,India,,,,,,,,,Hyundai Motor Company,,,,,
,,,,,Hyundai,Exter,Exter,"Exter, Hyundai Exter",2023,2025,Active,,,Passenger vehicles,SUV,"Petrol, CNG","Manual, Automatic",No,,Initial launch features,Entry SUV,https://d24ohqpcwj3ww1.cloudfront.net/gryd_file_system/media/document/80071d28-3151-4f2b-8597-fd7b08b68a8d-69846595_exter-brochure.pdf,https://d24ohqpcwj3ww1.cloudfront.net/gryd_file_system/media/document/80071d28-3151-4f2b-8597-fd7b08b68a8d-69846595_exter-brochure.pdf,"min_price: 564000, max_price: 1036000",,India,India,,,,,,,,,Hyundai Motor Company,,,,,
,,,,,Hyundai,Tucson,Tucson,"Tucson, Hyundai Tucson",2005,2025,Active,,,Passenger vehicles,SUV,"Petrol, Diesel",Automatic,Yes,2022 new generation,"Platform, powertrain, ADAS",Premium SUV,https://d24ohqpcwj3ww1.cloudfront.net/gryd_file_system/media/document/6b3b4d79-d7f6-4bbb-b274-90c8bc31757d-6984669e_Tucson_suv_brochure.pdf,https://d24ohqpcwj3ww1.cloudfront.net/gryd_file_system/media/document/6b3b4d79-d7f6-4bbb-b274-90c8bc31757d-6984669e_Tucson_suv_brochure.pdf,"min_price: 2732000, max_price: 3564000",,India,India,,,,,,,,,Hyundai Motor Company,,,,,
,,,,,Hyundai,Kona Electric,Kona Electric,"Kona EV, Hyundai Kona Electric",2019,2024,Discontinued,2024,,Passenger vehicles,SUV,Electric,Automatic,No,,Discontinued due to low volumes,First Hyundai EV in India,https://d24ohqpcwj3ww1.cloudfront.net/gryd_file_system/media/document/f0219352-e6dd-41de-9a80-d907e41cd027-698466fd_Hyundai_KONA_SUV_brochure.pdf..pdf,https://d24ohqpcwj3ww1.cloudfront.net/gryd_file_system/media/document/f0219352-e6dd-41de-9a80-d907e41cd027-698466fd_Hyundai_KONA_SUV_brochure.pdf..pdf,"min_price: 2384000, max_price: 2403000",,India,India,,,,,,,,,Hyundai Motor Company,,,,,
,,,,,Mahindra,Bolero,Bolero,"Bolero SUV, Mahindra Bolero",2000,2025,Active,,,Passenger vehicles,SUV,Diesel,Manual,Yes,2020 facelift,BS6 Engine,Rugged utility SUV,https://d24ohqpcwj3ww1.cloudfront.net/gryd_file_system/media/document/41c33bbc-fab7-494d-abce-169d4c77bfc0-69846740_3rd-Nov_BoleroClassic-Brochur.pdf,https://d24ohqpcwj3ww1.cloudfront.net/gryd_file_system/media/document/41c33bbc-fab7-494d-abce-169d4c77bfc0-69846740_3rd-Nov_BoleroClassic-Brochur.pdf,"min_price: 998000, max_price: 1091000",,India,India,,,,,,,,,Mahindra & Mahindra,,,,"The New Mahindra Bolero is built as a rugged 7 seater SUV powered by the mHawk75 1493 cc BS VI diesel engine producing 55.9 kW at 3600 rpm and 210 Nm between 1600 and 2200 rpm, paired with a 5 speed manual gearbox, rear wheel drive layout, IFS coil spring front suspension, rigid leaf spring rear suspension, front disc and rear drum brakes, 3995 x 1745 x 1880 mm dimensions, 2680 mm wheelbase, 7 seat 5 plus 2 configuration, 215/75 R15 tyres and a 60 litre fuel tank, while also integrating Micro Hybrid Technology with Engine Stop Start and RideFlo advanced ride and handling tech for improved stability, suspension tuning and efficiency as highlighted across the brochure and technical table. \n - The exterior highlights include a bold new grille design with black finish on B4 and chrome bezel on B6, B6(O) and B8, fog lamps available only on B6(O) and B8, R15 wheels across all variants with steel wheels on B4, B6 and B6(O) and diamond cut alloy wheels exclusive to B8, wheel caps on B6 and B6(O), spare wheel cover and side cladding across all variants, centre bezel with cubic finish from B6 onwards, and an overall boxy high strength frame based SUV stance with additional design identity through the new Stealth Black color and muscular proportions. \n - The interior and comfort setup includes redesigned seats with premium cushioning, upholstery progression from vinyl in B4 to fabric in B6 and B6(O) and leatherette in B8, comfortable 7 seat layout, AC, heater and demister standard across all variants, built in bottle holders on door trims from B6 onwards, front map pockets and utility spaces from B6 onwards, 1st row seatback mobile holder pouch across all variants, power steering standard across all trims, power windows and central locking from B6 onwards, rear wash and wiper available only in B6(O) and B8, and a practical cabin focused on durability and usability. \n - The infotainment and technology features include a 17.8 cm touchscreen infotainment system from B6 onwards supporting calls, music and navigation, steering mounted audio controls from B6 onwards, USB and USB C type charging ports from B6 onwards, 12V charging point from B6 onwards, digital cluster across all variants, full driver information system including distance travelled, distance to empty, average fuel efficiency, gear indicator, door ajar indicator and digital clock with day and date available on B6(O) and B8, static bending headlamps on B6(O) and B8, and Micro Hybrid Technology standard across all variants. \n - The safety package includes dual airbags for driver and co driver, seat belt reminders for front passengers, ABS with EBD, engine immobiliser, reverse parking sensors, high strength frame based construction and robust metal bumpers, all standard across B4, B6, B6(O) and B8 ensuring consistent baseline safety across the lineup. \n - The variants available are B4, B6, B6(O) and B8, where B4 is the base utility variant with steel wheels, vinyl seats, manual essentials and core safety, B6 adds chrome grille, fabric seats, infotainment, power windows, central locking, charging ports and convenience features, B6(O) builds further with fog lamps, static bending headlamps, rear wash and wiper and full driver information system making it the most balanced mid variant, and B8 is the top variant with diamond cut alloy wheels, leatherette upholstery and all features combined delivering the most premium experience. \n - The available colors are Diamond White, Stealth Black, Rocky Beige and DSAT Silver as shown in the brochure color panel. \n - The official Mahindra website pricing lists B4 at ₹7,99,000, B6 at ₹8,79,000, B6(O) at ₹9,20,000 and B8 at ₹9,80,000 ex showroom which are the correct reference prices to use.\n - Compared to competitors like Tata Nexon, Hyundai Venue and Maruti Suzuki Brezza, the Bolero stands out because it offers a 7 seat configuration, rear wheel drive layout, ladder frame construction and diesel torque focused engine making it far more suitable for rough roads, heavy passenger load and long term durability, while Nexon focuses on monocoque safety and urban comfort, Venue focuses on connected tech and city driving with automatic options, and Brezza focuses on petrol efficiency and urban practicality, making the Bolero the stronger choice for buyers prioritizing rugged usage, durability and rural or semi urban conditions over city centric refinement.",
,,,,,Mahindra,Scorpio-N,Scorpio-N,"Scorpio N, Scorpio New",2022,2025,Active,,,Passenger vehicles,SUV,"Petrol, Diesel","Manual, Automatic",No,,,Premium ladder-frame SUV,https://d24ohqpcwj3ww1.cloudfront.net/gryd_file_system/media/document/0ade9780-b37d-4dce-9f95-0a65adf33e6a-698467f6_Scorpio_Big_Daddy_Horizontal_Brochure.pdf,https://d24ohqpcwj3ww1.cloudfront.net/gryd_file_system/media/document/0ade9780-b37d-4dce-9f95-0a65adf33e6a-698467f6_Scorpio_Big_Daddy_Horizontal_Brochure.pdf,"min_price: 1349000, max_price: 2454000",,India,India,,,,,,,,,Mahindra & Mahindra,,,,"The Mahindra Scorpio N is a full size ladder frame SUV built on the third generation body on frame platform with petrol and diesel engine options including a 2.0L turbo petrol direct injection engine producing up to 149.14 kW at 5000 rpm and 380 Nm torque with automatic transmission and 370 Nm with manual, and a 2.2L mHawk diesel engine producing up to 128.6 kW at 3500 rpm and 400 Nm torque with automatic and 370 Nm with manual, paired with 6 speed manual and 6 speed automatic transmissions, available in both rear wheel drive and 4WD configurations with shift on fly 4XPLOR terrain modes, mechanical locking differential, double wishbone front suspension with coil over shocks and pentalink rear suspension with Watts linkage, 4662 mm length, 1917 mm width, 1857 mm height, 2750 mm wheelbase and 57 litre fuel tank, establishing it as a performance oriented, rugged yet premium SUV platform. \n - The exterior highlights include signature front grille, dual barrel headlamps with LED projector setup, LED DRLs, LED fog lamps, LED sequential turn indicators, electric sunroof, alloy wheels ranging from steel to diamond cut alloys depending on variant, roof rails, side steps, skid plates, high gloss centre console detailing, chrome accents, bold upright stance and muscular SUV proportions, while higher variants add premium styling elements like chrome grille, LED projector headlamps and larger diamond cut alloy wheels as seen in the design matrix tables. \n - The interior and comfort setup includes a premium cabin with brown and black theme, ventilated front seats, dual zone climate control, electric adjustable driver seat, 6 way driver seat adjust, rear AC vents, roof lamps for first and second row, spacious 6 and 7 seater configurations, foldable second and third row seats, Sony 3D immersive audio system with 12 speakers including subwoofer, leather wrapped steering and gear lever, wireless charging, multiple USB ports including USB C, large touchscreen infotainment system up to 20.32 cm, Android Auto and Apple CarPlay connectivity, digital instrument cluster up to 17.78 cm colour TFT and extensive cabin practicality features. \n - The infotainment and technology suite includes AdrenoX connected car technology with built in Alexa, wireless Android Auto and Apple CarPlay, navigation, voice commands, driver drowsiness detection, cruise control, push button start, electric parking brake, 360 degree camera in higher variants, front and rear parking sensors, auto dimming IRVM, intelligent infotainment UI, terrain management system for 4WD variants and advanced driver information system covering multiple vehicle stats and alerts. \n - The safety package is extensive with up to 6 airbags including front side and curtain airbags, ABS with EBD, ESC with hill hold and descent control, driver drowsiness detection, ISOFIX mounts, high strength body structure, all wheel disc brakes in higher variants, advanced electronic brake systems, rear and front parking sensors, camera assist systems and multiple active and passive safety technologies integrated across variants. \n - The variants include Z2, Z4, Z6, Z8 S, Z8 and Z8 L with multiple seating options including 6 and 7 seater configurations and petrol manual, petrol automatic, diesel 2WD manual, diesel 2WD automatic, diesel 4WD manual and diesel 4WD automatic combinations, where Z2 is the base variant with core safety, digital cluster, essential comfort and basic infotainment, Z4 adds touchscreen infotainment, steering controls, cruise control and enhanced convenience features, Z6 builds further with additional comfort and interior upgrades, Z8 S introduces connected tech, larger infotainment, Alexa integration and premium interior touches, Z8 adds electric sunroof, LED projector headlamps, wireless charging, better audio and enhanced styling, and Z8 L is the fully loaded variant with ventilated seats, 360 degree camera, front parking sensors, Sony 3D sound system, driver drowsiness detection, advanced safety tech and the most premium feature set available. \n - The available colours include Dazzling Silver, Deep Forest, Everest White, Napoli Black, Red Rage and Midnight Black as shown in the colour section of the brochure. \n - The official Mahindra website pricing for Scorpio N starts approximately from ₹13.60 lakh for the base Z2 variant and goes up to around ₹24.54 lakh for the top Z8 L 4WD automatic variant depending on engine and configuration, which reflects its positioning as a premium ladder frame SUV. \n - Compared to Tata Safari, Hyundai Alcazar and MG Hector Plus, the Scorpio N stands out because it offers a true ladder frame chassis with rear wheel drive and 4WD capability unlike the monocoque front wheel drive setups of its competitors, delivers significantly higher diesel torque and off road capability with terrain modes and mechanical locking differential, and combines this rugged performance with premium features like Sony 3D audio, ventilated seats and connected tech, making it a more versatile SUV for both urban comfort and serious off road usage while competitors remain primarily road focused family SUVs.",
,,,,,Mahindra,Thar,Thar,"Thar 3-Door, Mahindra Thar",2020,2025,Active,,,Passenger vehicles,SUV,"Petrol, Diesel","Manual, Automatic",No,,"Safety, features",Lifestyle off-road SUV,https://d24ohqpcwj3ww1.cloudfront.net/gryd_file_system/media/document/e84424c7-fcd6-41cb-a3ae-350c8fc2b578-69846836_Thar-Brochure-2025-NEW.pdf,https://d24ohqpcwj3ww1.cloudfront.net/gryd_file_system/media/document/e84424c7-fcd6-41cb-a3ae-350c8fc2b578-69846836_Thar-Brochure-2025-NEW.pdf,"min_price: 1125000, max_price: 1712000",,India,India,,,,,,,,,Mahindra & Mahindra,,,,"The All New Mahindra Thar is a hardcore off road SUV built on a 3rd generation body on frame chassis offering both diesel and petrol engine options including the D117 CRDe 1497 cc diesel with 87.2 kW at 3500 r/min and 300 Nm between 1750 to 2500 r/min, the mHawk130 CRDe 2184 cc diesel with 97 kW at 3750 r/min and 300 Nm between 1600 to 2800 r/min, and the mStallion 150 TGDi petrol 1997 cc producing 112 kW at 5000 r/min and up to 320 Nm torque, paired with 6 speed manual and 6 speed torque converter automatic transmissions, offered in rear wheel drive and manual shift part time 4WD with high and low reduction gear, supported by independent double wishbone front suspension, multi link solid rear axle with coil over dampers, 303 mm front disc and 282 mm rear drum brakes, 3985 mm length, 1820 mm width, up to 1855 mm height, 2450 mm wheelbase, 226 mm ground clearance, 41.2 degree approach angle, 36 degree departure angle, 26.2 degree ramp over angle, 650 mm water wading depth, 4 seat layout and fuel tank capacities ranging from 45 to 57 litres depending on engine, making it one of the most capable off roaders in the segment. \n - The exterior design highlights include a retro inspired front profile with vertical slat grille, round headlamps, LED DRLs, purpose built bumpers, fender mounted DRLs, LED tail lamps, R16 steel wheels on AX OPT and R18 deep silver alloy wheels on LX, wheel arch cladding, side footsteps, tailgate mounted spare wheel, black finish bumpers, bonnet latches and removable door, all designed for durability and off road functionality rather than just aesthetics. \n - The interior and comfort features include sporty front seats, front facing rear seats with 50:50 split, height adjustable driver seat, washable floor with drain plugs, roof mounted speakers, removable doors for open air driving, tilt adjustable steering, reclining seats with adjustable headrests, central locking with remote keyless entry, bottle holders, dashboard grab handle, illuminated key ring, manual day night IRVM and a highly practical cabin focused on rugged usability with fabric upholstery on LX and vinyl on AX OPT. \n - The infotainment and technology package includes a 17.8 cm touchscreen infotainment system with Android Auto and Apple CarPlay, 4 speakers and 2 tweeters, MID instrument cluster with adventure statistics including altimeter compass and roll and pitch meter, BlueSense app connectivity, tyre pressure monitoring system, follow me home and lead me to vehicle lamps, voice commands, rear parking sensors, cruise control, electric ORVM adjustment on LX and manual on AX OPT, along with multiple smart features that blend off road data with daily usability. \n - The off road focused features include electric driveline disconnect, electronic brake locking differential for RWD, advanced electronic brake locking differential for 4WD, mechanical locking differential, manual shift 4WD transfer case, welded tow hooks, tow hitch protection, all terrain tyres and heavy duty suspension setup which together define the Thar’s core capability advantage. \n - The safety package includes ESP with rollover mitigation, hill hold and hill descent control, ABS with EBD and brake assist, dual airbags, seat belt reminder, ISOFIX child seat mounts, roll cage, 3 point seat belts for rear passengers, speed sensing door locks, panic braking signal, over speed warning, passenger airbag deactivation switch and a crash compliant body shell ensuring both active and passive safety. \n - The variants available are AX OPT and LX, where AX OPT is the rugged entry trim focused on pure off roading essentials with steel wheels, manual ORVMs, vinyl seats, no touchscreen infotainment, no speakers, manual HVAC controls and basic convenience features, while LX is the fully loaded variant offering alloy wheels, touchscreen infotainment, speakers and tweeters, electric ORVMs, cruise control, steering mounted controls, automatic HVAC, remote central locking, advanced connectivity and comfort features making it suitable for both city and off road usage. \n - The available colors are Red Rage, Galaxy Grey, Stealth Black, Everest White and Deep Forest as shown in the brochure color panel. \n - The official Mahindra website pricing lists AX OPT starting around ₹11.35 lakh and LX variants going up to around ₹17.60 lakh ex showroom depending on engine and drivetrain configuration which are the correct official reference prices.\n - Compared with competitors like Maruti Suzuki Jimny, Force Gurkha and Hyundai Creta, the Thar stands out because Jimny offers lighter off road ability but less power and presence, Gurkha offers hardcore capability but lacks modern tech and comfort features, and Creta is a monocoque urban SUV with no real off road ability, while Thar uniquely combines true 4x4 mechanical capability, modern infotainment, strong engine options and lifestyle appeal, making it the most balanced and capable choice for both adventure and daily driving.",
,,,,,Mahindra,XUV700,XUV700,"XUV 700, Mahindra XUV700",2021,2025,Active,,,Passenger vehicles,SUV,"Petrol, Diesel","Manual, Automatic",Yes,2024 update,"ADAS, feature enhancements",Tech-rich flagship SUV,https://d24ohqpcwj3ww1.cloudfront.net/gryd_file_sysytem/media/document/b3cdf38f-9658-4ac7-8338-38ed8e4e301e-69846897_25-04-AUTO-12325807-2WX1-H-DESKTOP-BROCHURE-R6.pdf,https://d24ohqpcwj3ww1.cloudfront.net/gryd_file_sysytem/media/document/b3cdf38f-9658-4ac7-8338-38ed8e4e301e-69846897_25-04-AUTO-12325807-2WX1-H-DESKTOP-BROCHURE-R6.pdf,"min_price: 1399000, max_price: 2657000",,India,India,,,,,,,,,Mahindra & Mahindra,,,,"The Mahindra XUV700 is a premium full size SUV built on a monocoque platform offering a 2.0L turbo petrol engine producing 147 kW and 380 Nm and a 2.2L diesel engine producing up to 136 kW and 450 Nm, paired with 6 speed manual and automatic transmissions with optional AWD in top diesel variants, featuring a 2750 mm wheelbase and large SUV proportions, making it one of the most powerful and technologically advanced SUVs in its segment. \n -The major highlights include a strong blend of safety, luxury, technology and performance where safety features include up to 7 airbags, Electronic Stability Program, ABS with EBD, tyre pressure monitoring system, 360 degree camera, driver drowsiness detection and advanced Level 2 ADAS features like adaptive cruise control, lane keep assist, forward collision warning and autonomous emergency braking, making it one of the safest SUVs in the segment. \n -The interior and comfort features include a premium and spacious cabin with leatherette upholstery, ventilated front seats, 6 way powered driver seat with memory function, dual zone climate control, large panoramic Skyroof, ambient lighting, multiple seating configurations including 5, 6 and 7 seater layouts and flexible third row seating, delivering a strong combination of comfort and practicality as seen across brochure pages highlighting luxury interiors and seating features. \n -The infotainment and entertainment system is a key highlight with dual 26.03 cm HD screens forming a seamless digital cockpit, Adrenox connected car tech with Alexa built in and 70 plus features, wireless Android Auto and Apple CarPlay, navigation, voice commands, wireless charging and a 12 speaker Sony 3D surround sound system delivering immersive in car entertainment. \n -The exterior design highlights include a bold SUV stance with flush smart door handles, LED clear view headlamps with DRLs, arrow head LED tail lamps, R17 and R18 diamond cut alloy wheels, panoramic sunroof, strong body lines and a premium road presence enhanced by dual tone roof options and signature Mahindra styling. \n -The variants lineup includes MX, AX3, AX5, AX7 and AX7 Luxury where MX is the base variant offering essentials like infotainment, safety and practicality, AX3 adds dual screens, Alexa connectivity, wireless smartphone integration, rear AC and enhanced infotainment, AX5 becomes the value variant adding Skyroof, LED headlamps, drive modes, curtain airbags, cruise control and better exterior styling, AX7 introduces ADAS, leatherette interiors, powered seats, dual zone climate control, advanced safety and premium features, while AX7 Luxury is the top variant adding 360 degree camera, blind view monitor, electronic parking brake, ventilated seats, Sony 3D audio system, memory ORVMs and additional luxury tech making it the most complete version. \n - Variant specific highlights clearly show MX focuses on core essentials, AX3 focuses on infotainment and connectivity, AX5 adds comfort and panoramic sunroof making it the sweet spot, AX7 adds advanced safety and premium interiors, while AX7 Luxury adds flagship features like 360 camera, ADAS full suite, premium audio and ventilated seats making it the top tier experience. \n -The available colors include Everest White, Midnight Black, Dazzling Silver, Red Rage, Electric Blue, Napoli Black, Deep Forest and Burnt Sienna along with dual tone options depending on variant, offering both classic and premium styling choices. \n -The official Mahindra pricing starts from ₹13.99 lakh ex showroom as per the brochure and ranges approximately up to ₹25 lakh depending on variant engine and drivetrain configuration, with detailed variant pricing such as AX petrol starting at ₹13.66 lakh and top AX7 L diesel AWD reaching ₹25.07 lakh as per official dealership sheet. \n -Compared with competitors like Tata Safari, Hyundai Alcazar and MG Hector Plus, the XUV700 stands out because Safari focuses more on comfort and diesel performance but lacks petrol option and advanced infotainment depth, Alcazar offers refinement but lower power and less advanced ADAS capability, Hector Plus provides large screens and comfort but lacks AWD and driving performance, while XUV700 uniquely combines powerful petrol and diesel engines advanced Level 2 ADAS panoramic sunroof Sony 3D audio system AWD capability and segment leading tech making it the most balanced and technologically advanced SUV in its segment.",
,,,,,Mahindra,Scorpio Classic,Scorpio Classic,"Scorpio Classic, Old Scorpio",2022,2025,Active,,,Passenger vehicles,SUV,Diesel,Manual,Yes,2022 update,"Updated engine, features",Traditional diesel SUV,https://d24ohqpcwj3ww1.cloudfront.net/gryd_file_system/media/document/ad796d86-bcc7-4afa-8bd4-a08e070e804d-6984691a_Scorpio_Big_Daddy_Horizontal_Brochure.pdf,https://d24ohqpcwj3ww1.cloudfront.net/gryd_file_system/media/document/ad796d86-bcc7-4afa-8bd4-a08e070e804d-6984691a_Scorpio_Big_Daddy_Horizontal_Brochure.pdf,"min_price: 1325000, max_price: 1712000",,India,India,,,,,,,,,Mahindra & Mahindra,,,,"The New Scorpio Classic is a traditional body based SUV with the mHawk 4 cylinder 2184 cm3 BS VI diesel engine featuring a variable geometry turbocharger with e actuator, 4 valves per cylinder and common rail direct injection technology, producing 97 kW at 3750 r/min and 300 Nm from 1600 to 2800 r/min, paired with a 6 speed manual cable shift gearbox, hydraulic double acting telescopic shock absorbers, double wishbone independent front coil spring suspension, multi link rear coil spring suspension with anti roll bar, disc front brakes, drum rear brakes, 60 litre fuel tank, 2680 mm wheelbase, 4456 mm length, 1820 mm width excluding ORVMs, 1995 mm height, 235/65 R17 radial tubeless tyres and a 7 seat layout in the brochure with seating options shown as 7 side facing, 9 side facing and 7 captain chair depending on variant. \n - The exterior and design story is classic Scorpio muscle with a bold new front fascia carrying the Twin Peaks logo, muscular signature side cladding, projector headlamps with LED eyebrows, daytime running lamps, a muscular bonnet with hood scoop, signature tower LED tail lamps, new 43.18 cm diamond cut alloy wheels, black or chrome grille treatment depending on trim, painted or unpainted side cladding, fog lamps, silver skid plate, silver or black fender bezel, bonnet scoop, chrome finish AC vents on the top trim and a new Stealth Black shade that the brochure frames as a power statement. \n - The cabin keeps the old school SUV feel but adds useful comfort, including new 2 tone beige black interiors, modern fabric upholstery on the mid trim, faux leather steering wheel cover, fully automatic temperature control with 2nd row AC vents, bigger 22.86 cm infotainment with phone mirroring, front armrests on the higher trim, seat options that range from side facing layouts to captain chair layouts, roof lamp, mobile pocket in the centre console, bottle holder and cup holder, and practical touches like a hydraulic assisted bonnet, headlamp levelling switch and 1 touch lane change indicator. \n - The infotainment, technology and entertainment package is built around the 22.86 cm touchscreen infotainment system with Bluetooth, USB, Aux and phone screen mirroring on Classic S11, Intellipark, micro hybrid technology, gear shift indicator, fully automatic temperature control, ORVM adjustment that moves from manual on Classic S to electric on Classic S11, speakers and tweeters on the higher trim, audio and cruise control on the steering wheel, rear wash and wipe, rear demister, anti pinch and auto roll up smart driver window, extended power windows, follow me home and lead me to vehicle headlamps, remote central locking, USB charging support, 12V front row outlet, roof mounted sunglass holder and smart convenience features that are clearly positioned to make the higher variant feel much more complete. \n - The safety package includes dual airbags for driver and passenger, panic brake indication, collapsible steering, engine immobiliser, seat belt reminder lamp for driver and co driver, speed alert, auto door lock while driving on the top trim, anti theft warning on Classic S11, ABS, reverse parking sensors, static bending headlamps on Classic S11 and a high strength frame based body with robust metal bumper, so the safety story is simple, solid and focused on real world protection rather than gimmicks. \n - The brochure and technical table show only two variants, Classic S and Classic S11, where Classic S is the utility focused trim with black grille, steel wheels, vinyl upholstery, manual ORVM adjustment, manual central locking, no touchscreen, no fog lamps, no rear wash and wipe, no power windows and no anti theft warning, while Classic S11 is the fully loaded trim with projector headlamps and LED eyebrows, DRLs, chrome grille inserts, diamond cut alloy wheels, painted side cladding, ski rack, spoiler, front fog lamps, silver skid plate, chrome finish AC vents, 22.86 cm touchscreen infotainment, touch screen mirroring, gear shift indicator, FATC, electric ORVM adjustment, speakers and tweeters, height adjustable driver seat, audio and cruise control on the steering wheel, faux leather steering wheel, anti pinch auto roll up driver window, extended power windows, rear wash and wipe, rear demister, remote central locking, follow me home lamps, lead me to vehicle lamps, foot step, bottle holder and cup holder, making it the trim that clearly carries the premium features. \n - The brochure colors are Galaxy Grey, Diamond White, Stealth Black, Everest White and Red Rage. \n - The current official Mahindra website lists Classic S diesel at ₹12,99,700 and Classic S11 diesel at ₹16,99,900 ex showroom, so these are the prices to use from Mahindra’s own site. \n - Compared with the Tata Safari, Hyundai ALCAZAR and Toyota Innova Crysta, the Scorpio Classic is the stronger pick when the priority is rugged utility because Safari is a 6 or 7 seater SUV, ALCAZAR is a 6 and 7 seater SUV with a heavy comfort and ADAS focus, and Innova Crysta is a 7 or 8 seater diesel vehicle, while Scorpio Classic gives a tougher frame based body, rear wheel drive layout, 300 Nm diesel torque, a 9 side facing seating option in the brochure and a more workhorse oriented setup that suits rough roads, heavier load duty and buyers who want a more traditional SUV feel instead of a city premium or MPV style package.",
,,,,,Mahindra,XUV400 EV,XUV400 EV,"XUV400, XUV400 Electric",2023,2025,Active,,,Passenger vehicles,SUV,Electric,Automatic,No,,,Sporty electric SUV,https://d24ohqpcwj3ww1.cloudfront.net/gryd_file_system/media/document/105d5829-15a2-459f-ab19-be296fc50c00-6984696b_XUV400ProRangeBrochure.pdf,https://d24ohqpcwj3ww1.cloudfront.net/gryd_file_system/media/document/105d5829-15a2-459f-ab19-be296fc50c00-6984696b_XUV400ProRangeBrochure.pdf,"min_price: 1599000, max_price: 1899000",,India,India,,,,,,,,,Mahindra & Mahindra,,,,"The Mahindra XUV400 is an all electric C segment SUV built on a monocoque platform featuring a permanent magnet synchronous motor producing 110 kW and 310 Nm torque, paired with a single speed automatic transmission and front wheel drive, offered with two battery packs including 34.5 kWh and 39.4 kWh delivering a claimed range of 375 km to 456 km and 0 to 100 kmph acceleration in 8.3 seconds, with dimensions of 4200 mm length, 1821 mm width, 1634 mm height and 2600 mm wheelbase, making it one of the widest and most performance oriented EVs in its segment with zero tailpipe emission and IP67 rated battery protection. \n -The major highlights include strong EV performance, premium features and connected tech where safety includes up to 6 airbags, ABS with EBD, all four disc brakes, ISOFIX mounts, rear parking camera and sensors, ESP, hill hold assist and IP67 battery protection ensuring durability and safety, supported by a strong crash compliant structure and advanced safety electronics making it a well protected electric SUV. \n - The interior and comfort features include sporty premium interiors with leatherette seats with blue stitching, electric sunroof, 6 way adjustable driver seat, 60:40 split rear seats, large cabin space, rear armrest, multiple storage areas, smart steering system and a focus on comfort with EV themed design elements like satin copper accents and modern layout. \n -The infotainment and entertainment system includes a 17.78 cm touchscreen infotainment system with Android Auto and Apple CarPlay, BlueSense Plus connected car technology with 60 plus features, smartwatch connectivity, navigation, EV statistics, voice commands, smart route planning and 4 speaker audio system delivering a connected and tech rich experience. \n -The exterior design highlights include a bold electric SUV identity with aero fascia, satin copper inserts, twin peaks logo, projector headlamps with LED DRLs, LED tail lamps, R16 diamond cut alloy wheels, roof rails, rear spoiler, skid plates and strong SUV stance with wide body proportions giving it strong road presence. \n - The variants available are XUV400 EC and XUV400 EL where EC is the base variant with fabric seats, 2 airbags, basic infotainment and essential features focused on affordability, while EL is the top variant offering 6 airbags, leatherette seats, electric sunroof, touchscreen infotainment with smartphone connectivity, connected car features, push button start, passive keyless entry, reverse camera and premium upgrades making it the fully loaded version. \n -The variant specific highlights show EC focuses on core EV performance with essential comfort and safety features, while EL adds premium upgrades like 6 airbags, diamond cut alloy wheels, leatherette interiors, sunroof, advanced infotainment, connected tech, smart entry system and enhanced convenience features making it significantly more feature rich. \n -The available colors include Napoli Black, Arctic Blue, Infinity Blue, Everest White and Galaxy Grey along with dual tone options like Napoli Black with Satin Copper, Arctic Blue with Satin Copper, Infinity Blue with Satin Copper, Everest White with Satin Copper and Galaxy Grey with Satin Copper giving both subtle and sporty styling options. \n -The official pricing based on Mahindra listings places the XUV400 starting around ₹15.49 lakh ex showroom and going up to around ₹18.5 lakh depending on variant and battery pack, positioning it competitively in the electric SUV segment. \n -Compared with competitors like Tata Nexon EV, MG ZS EV and Hyundai Kona Electric, the XUV400 stands out because Nexon EV offers good range but slightly lower performance and narrower cabin, ZS EV is more premium but significantly more expensive, Kona Electric offers strong efficiency but lacks space and modern feature depth, while XUV400 uniquely combines strong acceleration, wide cabin, high torque output, connected tech features and competitive pricing making it a balanced electric SUV for both performance and practicality.",
,,,,,Mahindra,Marazzo,Marazzo,"Marazzo MPV, Mahindra Marazzo",2018,2025,Active,,,Passenger vehicles,MPV,Diesel,Manual,No,,,Spacious family MPV,https://d24ohqpcwj3ww1.cloudfront.net/gryd_file_system/media/document/d47c3323-9d89-4bc3-b0e6-f13ebdbb68ab-698469e0_Marazzo_Brochure.pdf,https://d24ohqpcwj3ww1.cloudfront.net/gryd_file_system/media/document/d47c3323-9d89-4bc3-b0e6-f13ebdbb68ab-698469e0_Marazzo_Brochure.pdf,"min_price: 1417000, max_price: 1590000",,India,India,,,,,,,,,Mahindra & Mahindra,,,,,
,,,,,Mahindra,XUV300,XUV300,"XUV 300, Mahindra XUV300",2019,2025,Active,,,Passenger vehicles,SUV,"Petrol, Diesel","Manual, Automatic",Yes,2023 facelift,"Styling, features update",Safe compact SUV,https://d24ohqpcwj3ww1.cloudfront.net/gryd_file_system/media/document/0a8e1b92-92fe-49ff-9090-524a407e7bdd-69846a2f_XUV300_Brochure.pdf,https://d24ohqpcwj3ww1.cloudfront.net/gryd_file_system/media/document/0a8e1b92-92fe-49ff-9090-524a407e7bdd-69846a2f_XUV300_Brochure.pdf,"min_price: 799000, max_price: 1476000",,India,India,,,,,,,,,Mahindra & Mahindra,,,,"The Mahindra XUV300 is a compact SUV built on a monocoque platform offering both petrol and diesel engines including a 1.2L turbo petrol producing 81 kW and 200 Nm, a more powerful 1.2L TGDi petrol delivering 96 kW and up to 230 Nm with overboost up to 250 Nm, and a 1.5L turbo diesel producing 85.8 kW and 300 Nm, paired with 6 speed manual and 6 speed AutoSHIFT transmissions, supported by MacPherson strut front suspension with anti roll bar and twist beam rear suspension with coil spring, all four disc brakes, 3995 mm length, 1821 mm width, 1627 mm height, 2600 mm wheelbase and 42 litre fuel tank, making it one of the most performance oriented and safest compact SUVs in its segment. \n -The major highlights include strong safety, premium interiors and balanced performance where safety is a key strength with 5 star Global NCAP rating for adult safety and 4 star for child safety, up to 6 airbags, Electronic Stability Program with rollover mitigation, hill start assist, ABS with EBD, corner braking control, all four disc brakes, ISOFIX mounts, front parking sensors and impact sensing door unlock making it one of the safest cars in the segment as seen in the safety table. \n -The interior and comfort features focus on space and practicality with black fabric to premium leatherette upholstery depending on variant, electric sunroof with anti pinch, dual zone climate control, height adjustable driver seat, adjustable boot floor, 60:40 split rear seats, rear armrest with cup holders, illuminated glove box, multiple storage spaces and best in segment cabin width as highlighted in the brochure pages showing cabin space and comfort features. \n -The infotainment and entertainment package includes a 17.78 cm touchscreen infotainment system with Android Auto and Apple CarPlay, Bluetooth AUX USB connectivity, steering mounted controls, voice commands, BlueSense Plus connected car technology with live tracking remote functions geo fencing and emergency assist along with 4 speakers and 2 tweeters delivering a balanced in car entertainment experience. \n - The exterior design highlights include a sporty and aggressive SUV stance with projector headlamps, LED DRLs, LED tail lamps, chrome grille elements, roof rails, alloy wheels in higher variants, body cladding, spoiler, skid plates and dual tone dashboard with premium interior finish creating a mix of ruggedness and urban styling as shown in the design table. \n -The variants available are W4, W6, W8 and W8 Optional Pack where W4 is the base variant focused on essentials like safety features and basic comfort, W6 adds sunroof, infotainment connectivity, steering controls and convenience features, W8 becomes the feature rich variant adding touchscreen infotainment, cruise control, push button start, rear camera, projector headlamps, alloy wheels and premium interiors, while W8 Optional Pack is the top variant offering 6 airbags, front parking sensors, connected car tech BlueSense Plus, auto dimming IRVM, dual zone climate control, leatherette upholstery and enhanced premium features making it the most complete version. \n -The available colors include Red Rage, Aquamarine, Dark Grey, Napoli Black, Pearl White, D Sat Silver along with dual tone options like Napoli Black dual tone and Blazing Bronze dual tone as shown in the color panel on page 13 and 14 of the brochure. \n -The official Mahindra pricing places the XUV300 between approximately ₹7.99 lakh and ₹14.76 lakh ex showroom depending on variant and engine configuration, which aligns with Mahindra’s official listings and press releases. \n - Compared with competitors like Tata Nexon, Hyundai Venue and Maruti Brezza, the XUV300 stands out because Nexon offers strong safety but lacks all four disc brakes and the same torque focused diesel performance, Venue provides good features but misses the same safety depth and build strength, Brezza is reliable and efficient but lacks turbo petrol performance and premium features like dual zone climate control and connected tech, while XUV300 uniquely combines best in segment safety ratings, powerful engines especially diesel torque, premium comfort features and strong driving dynamics making it one of the most balanced and safety focused compact SUVs in its segment.",
,,,,,Mahindra,Bolero Neo,Bolero Neo,"Bolero Neo, Neo SUV",2021,2025,Active,,,Passenger vehicles,SUV,Diesel,Manual,Yes,2021 facelift,"Design refresh, features",Compact rugged SUV,https://d24ohqpcwj3ww1.cloudfront.net/gryd_file_system/media/document/c95eceeb-b9f9-49d3-b4df-a75f1bbfbbfe-69846a7e_Bolero-Neo-E-Brochure_28th_Jan-25.pdf,https://d24ohqpcwj3ww1.cloudfront.net/gryd_file_system/media/document/c95eceeb-b9f9-49d3-b4df-a75f1bbfbbfe-69846a7e_Bolero-Neo-E-Brochure_28th_Jan-25.pdf,"min_price: 948000, max_price: 1230000",,India,India,,,,,,,,,Mahindra & Mahindra,,,,"The New Bolero Neo is positioned as a rugged 7 seater SUV with the mHawk100 1493 cm3 BS VI diesel engine, 73.5 kW at 3750 r/min, 260 Nm between 1750 and 2250 r/min, 5 speed manual gearbox, rear wheel drive, 50 litre fuel tank, 215/75 R15 tyres, power steering, front disc and rear drum brakes, 5.35 m turning circle, 2215 kg gross vehicle weight, 2680 mm wheelbase, 3995 x 1795 x 1817 mm dimensions, 384 litre boot space and Multi Terrain Technology available in N10(O), with ESS micro hybrid and ECO mode also called out as efficiency features in the brochure and spec table. \n -The exterior package covers the Bolero family grille with chrome inserts, sporty headlamps with DRLs, signature Bolero branding on the spare wheel cover, stylish fog lamps, authentic SUV design, imposing stance, stylish alloy wheels, sporty spoiler, signature Bolero body cladding, commanding hood, classic Bolero X shaped bumpers and wheel arch cladding, while the variant matrix shows X shaped body coloured bumpers on all trims, signature grille with chrome inserts from N10 onward, sporty static bending headlamps and stylish DRLs only on N10 and N10(O), stylish front fog lamps only on N10 and N10(O), wheel arch cladding and dual tone ORVMs from N8 upward, signature wheel caps on N8 only, spoiler only on N10 and N10(O), sporty alloy wheels only on N10(O), and an X type spare wheel cover that is body coloured on lower trims and deep silver on the top trim.\n -The interior story is premium Italian interiors with a spacious 7 seater 5 plus 2 layout, attractive 8.9 cm LCD cluster display, twin pod instrument cluster, tilt steering with mounted controls, premium centre console with silver accents, armrests in the front and middle rows, rear wash and wipe with defogger, height adjustable driver seat, front armrests for driver and co driver, second row armrest, colour accent on AC vent, anti glare IRVM, front row roof lamp on all trims, middle row roof lamp on N10 and N10(O), steering wheel garnish on N8 and above, premium seat upholstery that moves from vinyl in N4 to fabric in N8 and N10(O), foldable third row seat on all trims and foldable second row seat on N8, N10 and N10(O), which makes the cabin far more practical than its old school body language suggests. \n - The comfort and technology set includes the 22.8 cm touchscreen infotainment system on N10 and N10(O), the 2 DIN Bluetooth USB AUX music player on N8, 4 speakers and 2 tweeters on N8, N10 and N10(O), steering mounted audio controls on N8 and above, cruise control on N10 and N10(O), Blue Sense mobile app, voice messaging system, follow me home headlamps, powerful AC with ECO mode, remote key entry on N8 and above, electrically adjustable ORVMs only on N10(O), delayed power windows on N10(O), magic lamp on N10(O), driver information system on N10 and N10(O) as shown in the brochure and N10(O) only in the spec table, rear glass wiper and defogger on N8 and above, power windows front and rear, central locking, engine start stop micro hybrid, power steering, tiltable steering and a 12 V charging point across the range. \n - The safety package is built around dual airbags for driver and co driver, dependable cornering brake control, ISOFIX child seat mounts on N10(O), digital immobiliser, seat belt reminder, automatic door locks, speed alert audio warning, engine immobilizer, flip key, reverse parking assist, ABS with EBD, front disc brakes, rear drum brakes and the high strength steel body shell, while the brochure also repeats that these essentials are standard across the lineup rather than being locked behind the top trim. \n - The brochure variants are N4, N8, N10 and N10(O), and the current official Mahindra website lists the live pricing as N4 at ₹8,84,500, N8 at ₹9,50,000, N10(R) at ₹9,79,500, N11 at ₹9,99,500 and N10 OPT at ₹10,49,500, so those are the official Mahindra prices to use right now. \n - The brochure colours are Napoli Black, DSAT Silver, Pearl White, Diamond White and Rocky Beige. \n - Compared with the Tata Nexon, Hyundai Venue and Maruti Suzuki Brezza, the Bolero Neo is the stronger choice when the brief is rough road toughness and seven seat practicality because Mahindra gives you a rear wheel drive diesel SUV with Multi Terrain Technology and a 7 seat 5 plus 2 layout, while Tata’s official Nexon page pushes a compact SUV with petrol and diesel options, advanced safety and premium interiors, Hyundai’s Venue highlights a city focused SUV with petrol and diesel engine choices, multiple transmissions, ADAS and a heavy tech load, and Maruti’s Brezza centers on a 1.5L petrol smart hybrid setup with 6 airbags and urban convenience, so the Neo’s advantage is brute utility, diesel torque and usable space rather than pure urban polish or feature glamour.",
,,,,,Mahindra,XUV 3XO,XUV 3XO,"XUV 3XO, Mahindra XUV 3XO",2024,2025,Active,,,Passenger vehicles,SUV,"Petrol, Diesel","Manual, Automatic",No,,,Modern compact SUV,https://d24ohqpcwj3ww1.cloudfront.net/gryd_file_system/media/document/0db29316-3a48-4260-abda-ce85ddd1edbd-69846b07_X3XO_brochure.pdf,https://d24ohqpcwj3ww1.cloudfront.net/gryd_file_system/media/document/0db29316-3a48-4260-abda-ce85ddd1edbd-69846b07_X3XO_brochure.pdf,"min_price: 749000, max_price: 1599000",,India,India,,,,,,,,,Mahindra & Mahindra,,,,"The Mahindra XUV 3XO is a modern compact SUV built on a monocoque platform offering both petrol and diesel engines including a 1.2L turbo petrol TCMPFi producing 82 kW and 200 Nm, a more powerful 1.2L TGDi petrol delivering 96 kW and 230 Nm, and a 1.5L diesel producing 85.8 kW and 300 Nm, paired with 6 speed manual, 6 speed automatic and AutoSHIFT+ transmission options, supported by McPherson strut front suspension, twist beam rear suspension, all four disc brakes, 3990 mm length, 1821 mm width, 1647 mm height, 2600 mm wheelbase, 364 litre boot space and 42 litre fuel tank, making it a balanced urban SUV focused on performance efficiency and daily usability. \n -The major highlights include strong safety, premium interiors, advanced infotainment and modern exterior styling where safety features include 6 airbags standard, Electronic Stability Control, ABS with EBD, all four disc brakes, ISOFIX mounts, tyre pressure monitoring system, rear camera, Level 2 ADAS with features like adaptive cruise control, lane keep assist, forward collision warning and autonomous emergency braking along with 360 degree camera and electronic parking brake in higher variants, making it one of the safest SUVs in the segment. \n -The interior and comfort package includes segment leading features like dual zone climate control, panoramic Skyroof, soft touch leatherette dashboard and door trims, leatherette seats, cooled glovebox, electrically adjustable and foldable ORVMs, rear AC vents, rear armrest with cup holder, height adjustable driver seat, spacious cabin with wide body design and premium finish focused on comfort and practicality. \n -The infotainment and entertainment system is one of the strongest highlights with twin 26.03 cm HD screens including infotainment and digital cluster, wireless Android Auto and Apple CarPlay, Adrenox connected car tech with Alexa and 80 plus features, online navigation, wireless charging, Harman Kardon premium audio system with amplifier and subwoofer, 6 speaker setup and smart connectivity features making it highly tech loaded. \n -The exterior design features a bold SUV stance with LED projector headlamps, LED DRLs with integrated indicators, infinity LED tail lamps, R16 and R17 alloy wheels, roof rails, rear spoiler, shark fin antenna and a sporty modern design language that enhances road presence while staying compact for city use. \n -The variants lineup includes MX1, MX2, MX2 Pro, MX3, MX3 Pro, AX5, AX5 Luxury, AX7 and AX7 Luxury, where MX1 is the base variant offering core safety like 6 airbags and ESC, MX2 adds infotainment and basic convenience features like touchscreen and speakers, MX2 Pro introduces sunroof, MX3 adds HD infotainment, wireless connectivity, cruise control and charger, MX3 Pro enhances exterior with LED projector setup, AX5 is the major upgrade adding dual screen setup, dual zone climate control, push button start, rear camera and premium features, AX5 Luxury adds ADAS, 360 camera, electronic parking brake and cooled glovebox, AX7 adds panoramic Skyroof, Harman Kardon audio, leatherette interiors, R17 alloys and premium finishes, while AX7 Luxury becomes the top variant with full Level 2 ADAS suite, 360 degree surround view with blind view monitor and electronic parking brake with auto hold delivering the most complete package. \n - The available color options include Citrine Yellow, Deep Forest, Dune Beige, Everest White, Galaxy Grey, Nebula Blue, Stealth Black and Tango Red with both single tone and dual tone roof options depending on variant. \n -The official Mahindra pricing positions the XUV 3XO starting around ₹8.94 lakh for newer RevX variants and going up to around ₹14 to ₹15 lakh ex showroom depending on variant and configuration, making it a strong value offering in the compact SUV segment. \n -Compared with competitors like Tata Nexon, Hyundai Venue and Maruti Brezza, the XUV 3XO stands out because Nexon offers strong safety but lacks the same level of infotainment and premium audio integration, Venue provides good features but misses out on full safety package like 6 airbags standard across variants and ADAS depth, Brezza is reliable and efficient but lacks powerful turbo petrol performance and advanced tech features, while XUV 3XO uniquely combines powerful engines especially TGDi, segment leading tech like dual screens and Harman Kardon audio, Level 2 ADAS, strong safety foundation and premium interiors making it the most feature loaded and performance oriented compact SUV in its segment.",
,,,,,Mahindra,XUV 7XO,XUV 7XO,"XUV 7XO, Mahindra XUV 7XO",2026,2025,Active,,,Passenger vehicles,SUV,"Petrol, Diesel","Manual, Automatic",No,,,Upcoming premium SUV,https://d24ohqpcwj3ww1.cloudfront.net/gryd_file_system/media/document/a4efdb72-882b-4782-931d-66b785475b43-69846b50_XUV7XO_brochure.pdf,https://d24ohqpcwj3ww1.cloudfront.net/gryd_file_system/media/document/a4efdb72-882b-4782-931d-66b785475b43-69846b50_XUV7XO_brochure.pdf,"min_price: 1800000, max_price: 2500000",,India,India,,,,,,,,,Mahindra & Mahindra,,,,"- The Mahindra XUV 7XO is Mahindra’s most advanced compact SUV, engineered to deliver a strong balance of bold SUV design, premium interiors, high performance, and segment-leading safety with modern connected technology. The official ex-showroom price of the Mahindra XUV 7XO starts from ₹13.66 lakh for the base petrol variant and extends up to approximately ₹24.92 lakh for the top-end diesel automatic variant, as per Mahindra’s official pricing structure, ensuring customers receive a feature-rich and safety-focused SUV positioned competitively in its segment. Built on Mahindra’s latest safety-oriented platform, the XUV 7XO combines muscular road presence with refined ride quality, making it suitable for both city commuting and long-distance highway travel while maintaining everyday practicality and premium appeal. \n -From a design and exterior perspective, the Mahindra XUV 7XO showcases a modern SUV character with a bold front fascia, Bi-LED projector headlamps with signature LED DRLs, a wide grille with chrome detailing, flush-fitting door handles, sculpted body lines, sporty skid plates, roof rails, and distinctive alloy wheel designs up to 19 inches on higher variants. The rear is highlighted by C-shaped LED tail lamps and a wide tailgate, reinforcing a planted and premium stance. These elements collectively give the XUV 7XO a commanding on-road presence that visually differentiates it from conventional compact SUVs while retaining a clean and contemporary design language. \n - Inside the cabin, the XUV 7XO focuses heavily on space, comfort, and perceived quality, offering a wide and airy interior with a long wheelbase that translates into generous rear legroom and headroom. The dashboard follows a layered, premium design theme with soft-touch materials, satin chrome accents, piano-black inserts, and ambient lighting on higher variants. Comfort features such as electrically adjustable front seats, ventilated seats, dual-zone automatic climate control, rear AC vents, panoramic sunroof, wireless charging, multiple fast-charging USB Type-C ports, and large door pockets ensure that both front and rear passengers enjoy a relaxed and premium experience during daily usage as well as long journeys. \n -Technology and infotainment form one of the strongest pillars of the XUV 7XO, led by a futuristic triple-screen layout that includes a large touchscreen infotainment system, a fully digital instrument cluster, and an integrated display for connected features. The infotainment system supports wireless Apple CarPlay and Android Auto, built-in navigation, Bluetooth connectivity, steering-mounted controls, and over-the-air software updates. Mahindra’s AdrenoX connected car platform enables features such as remote engine start, remote climate control, vehicle tracking, geofencing, live diagnostics, and location sharing via a smartphone app, bringing a true connected-SUV experience to the segment. \n - Entertainment and in-car experience are enhanced through a premium multi-speaker sound system on higher variants, delivering rich audio clarity for music, navigation prompts, and calls. The integration of voice-based controls, including AI-assisted conversational commands, allows drivers to operate infotainment, climate functions, navigation, and vehicle features with minimal distraction, further improving safety and convenience during driving. \n - Safety is a major highlight of the Mahindra XUV 7XO, as it comes with a comprehensive safety package designed to meet modern crash and stability standards. The SUV is equipped with up to 6 airbags, ABS with EBD, Electronic Stability Control, Hill Hold Assist, traction control, ISOFIX child-seat mounts, seatbelt reminders for all occupants, and a high-speed alert system. Advanced driver assistance features available on higher variants include a 360-degree surround-view camera, front and rear parking sensors, tyre pressure monitoring system, driver drowsiness detection, adaptive cruise control, and lane-related assistance systems, ensuring both preventive and protective safety for occupants. \n - In terms of variants and positioning, the Mahindra XUV 7XO is offered in AX, AX3, AX5, AX7, AX7 T (Tech), and AX7 L (Luxury) trims, allowing customers to choose based on their budget and feature priorities. The AX variant focuses on core essentials with strong safety, LED lighting, digital displays, and a solid infotainment setup, making it an excellent value-driven entry point. The AX3 adds functional upgrades such as reverse camera, enhanced convenience features, and improved cabin usability. The AX5 builds further by adding alloy wheels, panoramic sunroof, and additional comfort features, making it suitable for buyers seeking a balance between price and premium appeal. \n - The AX7 variant elevates the experience with larger alloy wheels, dual-zone climate control, advanced connected features, enhanced interior materials, and surround-view camera technology, positioning it as a well-rounded premium offering. The AX7 T focuses on technology-centric buyers by adding ventilated seats, premium audio system, electronic parking brake, and advanced driver assistance features. The top-end AX7 L variant emphasizes luxury with larger wheels, multi-zone ambient lighting, powered passenger seat, rear comfort enhancements, and exclusive interior finishes, making it the most feature-loaded and refined version of the XUV 7XO. \n - Colour options for the Mahindra XUV 7XO include a wide range of monotone and dual-tone finishes such as Pearl White, Shadow Grey, Dignity Black, Deep Ocean Blue, Ruby Red, Desert Sand, and premium dual-tone combinations with contrasting black roofs, allowing buyers to choose between elegant, sporty, or bold visual themes based on personal preference. \n - When compared with key competitors like the Hyundai Creta, Kia Seltos, and Tata Curvv, the Mahindra XUV 7XO stands out primarily due to its stronger emphasis on safety, advanced technology, and premium interior experience. Against the Creta and Seltos, which focus more on comfort and brand familiarity, the XUV 7XO offers a more comprehensive safety package, larger digital displays, and deeper connected-car integration, giving it a technological edge. In comparison with the Tata Curvv, which leans towards sporty design and performance-oriented dynamics, the XUV 7XO prioritizes cabin comfort, family-friendly features, and long-distance ride quality, making it a better choice for buyers seeking a balanced, feature-rich, and safety-focused SUV without moving into a significantly higher price bracket.","Toyota Fortuner, Hyundai Creta, Seltos, Innova"
,,,,,Mahindra,Thar ROXX,Thar ROXX,"Thar ROXX, Thar 5-Door, Mahindra Thar ROXX",2024,2025,Active,,,Passenger vehicles,SUV,"Petrol, Diesel","Manual, Automatic",No,,,5-door off-road SUV,https://d24ohqpcwj3ww1.cloudfront.net/gryd_file_system/media/document/78cad9cf-b39c-4cde-b7c6-d50cad86f9c9-69846bb3_THAR-ROXX-Brochure.pdf,https://d24ohqpcwj3ww1.cloudfront.net/gryd_file_system/media/document/78cad9cf-b39c-4cde-b7c6-d50cad86f9c9-69846bb3_THAR-ROXX-Brochure.pdf,"min_price: 1600000, max_price: 2200000",,India,India,,,,,,,,,Mahindra & Mahindra,,,,"The All New Mahindra Thar Roxx is a next generation 5 door lifestyle off road SUV built on the M_GLYDE body on frame platform, offering both petrol and diesel engines including the 2.0L mStallion TGDI petrol producing up to 130 kW at 5000 r/min and 380 Nm torque between 1750 to 3000 r/min and the 2.2L mHawk diesel delivering up to 128.6 kW at 3500 r/min and 400 Nm between 1750 to 2750 r/min, paired with 6 speed manual and 6 speed torque converter automatic transmissions with both rear wheel drive and manual shift part time 4x4 with high and low reduction gear and electric locking differential, supported by independent double wishbone front suspension with frequency dependent damping and multi tuning valve dampers, rear rigid axle with Watt’s linkage and hydraulic rebound stopper, ventilated disc brakes, 4428 mm length, 1870 mm width, 1923 mm height, 2850 mm wheelbase, 650 mm water wading depth, 41.7 degree approach angle, 36.1 degree departure angle, 23.9 degree ramp over angle, 5 seat configuration and 57 litre fuel tank capacity, making it one of the most advanced and capable off road SUVs in its segment with both hardcore capability and daily usability. \n -The exterior highlights include a bold upright SUV stance with flat windshield, signature Thar grille with modern finish, C shaped LED DRLs, LED projector headlamps, LED tail lamps, trapezoidal wheel arches, R18 and R19 alloy wheels including diamond cut and piano black finishes, dual tone metal roof, panoramic Skyroof on higher variants, tailgate mounted spare wheel, side footsteps, skid plates and a longer wheelbase that enhances road presence and stability while maintaining the rugged Thar identity. \n -The interior and comfort features include a completely upgraded premium cabin with leatherette upholstery, ventilated front seats, 6 way powered driver seat, dual tone interiors, rear AC vents, 60:40 split rear seats with recline, sliding armrest, automatic climate control, acoustic windshield for reduced cabin noise, large panoramic sunroof, multiple USB ports, cooled glovebox, rear armrest with cup holders and significantly improved space with best in segment occupant room due to extended wheelbase. \n - The infotainment and technology package includes twin 26.03 cm HD digital screens forming a full digital cockpit, wireless Android Auto and Apple CarPlay, Adrenox connected car technology with Alexa built in and 83 connected features, navigation, wireless charging, steering mounted controls, 9 speaker Harman Kardon audio system with Dolby Atmos, DTS sound staging, front and surround view cameras, blind view monitor and obstacle view which enhances both urban driving and off road visibility. \n -The off road and performance features include CrawlSmart for automatic throttle modulation, IntelliTurn for tight off road maneuvering, 4XPLOR terrain modes for snow sand and mud, Zip and Zoom drive modes, electric locking differential, brake locking differential, 4x4 system with front axle disconnect, high ground clearance geometry, advanced suspension setup and real time adventure statistics including roll pitch and compass making it a true modern off roader with intelligent capability systems. \n -The safety package includes 6 airbags, 5 star Bharat NCAP rating, ESP 9.3 suite, ABS with EBD, traction control system, hill hold and hill descent control, roll over mitigation, emergency stop signal, ISOFIX child seat mounts, tyre pressure monitoring system, rear disc brakes, electronic brake assist, impact sensing auto door unlock and Level 2 ADAS features including forward collision warning, autonomous emergency braking, adaptive cruise control, lane keep assist, lane departure warning, high beam assist and traffic sign recognition ensuring both active and passive safety at a very high level. \n -The variants available are MX1, MX3, MX5, AX3L, AX5L, AX7L and Star Edition, where MX1 is the base rugged variant with essential safety and utility, MX3 adds more convenience and infotainment readiness, MX5 introduces more powertrain combinations and additional features like front and rear parking sensors and improved interior equipment, AX3L steps into premium comfort with better infotainment and connectivity, AX5L becomes the key value variant adding ADAS Level 2, dual digital screens, automatic climate control and advanced tech, AX7L is the top variant offering panoramic Skyroof, ventilated powered seats, Harman Kardon audio, R19 alloys and full feature suite, while Star Edition is a special styling focused variant with piano black grille, piano black alloy wheels and black leatherette seats with suede accents. \n -The available colors include Stealth Black, Everest White, Tango Red, Deep Forest, Nebula Blue, Battleship Grey and Burnt Sienna with dual tone roof options available on higher variants enhancing its premium appeal. \n -The official Mahindra website pricing places the Thar Roxx approximately between ₹12.39 lakh and ₹22.82 lakh ex showroom depending on variant engine and drivetrain configuration, positioning it competitively within the lifestyle off road SUV segment while offering significantly more features than traditional off roaders.\n -Compared with competitors like Maruti Jimny, Force Gurkha and Tata Safari, the Thar Roxx stands out because Jimny is lighter and more compact but lacks power space and premium features, Gurkha offers strong mechanical off road hardware but misses modern tech ADAS and comfort features, and Safari is a monocoque family SUV focused on road comfort without true 4x4 capability, while Thar Roxx uniquely combines real 4x4 hardware intelligent off road tech premium interiors advanced infotainment and strong engine performance making it the most balanced and technologically advanced off road SUV in its segment.",
,,,,,Mahindra,XEV 9e,XEV 9e,"XEV 9e, Mahindra XEV 9e",2024,2025,Active,,,Passenger vehicles,SUV,Electric,Automatic,No,,,Premium electric SUV,https://d24ohqpcwj3ww1.cloudfront.net/gryd_file_system/media/document/0777d0b1-c332-48e0-bef9-cfa9d1fdffce-69846bef_XEV-9e--Brochure.pdf,https://d24ohqpcwj3ww1.cloudfront.net/gryd_file_system/media/document/0777d0b1-c332-48e0-bef9-cfa9d1fdffce-69846bef_XEV-9e--Brochure.pdf,"min_price: 2500000, max_price: 3000000",,India,India,,,,,,,,,Mahindra & Mahindra,,,,"The Mahindra XEV 9e is a next generation electric SUV built on the INGLO platform offering two battery options of 59 kWh and 79 kWh producing 170 kW and 210 kW with 380 Nm torque, rear wheel drive, single pedal drive, multiple regen levels and drive modes like Range, Everyday, Race, Snow and Custom, delivering a claimed range of 542 km to 656 km along with independent suspension and intelligent adaptive suspension in higher variants, making it performance oriented while maintaining efficiency and comfort. \n - The exterior design is futuristic and premium with a coupe SUV silhouette, Bi LED projector headlamps, full width LED DRLs and connected LED tail lamps, illuminated front and rear logos, flush electrically deployed door handles, strong body cladding, sequential turn indicators, large R19 and optional R20 alloy wheels, rear spoiler and aerodynamic styling that enhances both efficiency and road presence, clearly positioning it as a modern electric SUV. \n -The interior is highly premium and tech focused featuring a triple 12.3 inch coast to coast screen setup forming a wide digital cockpit, Infinity glass roof with ambient lighting offering 16 million colour combinations, leatherette upholstery in higher variants, soft touch dashboard and door trims, ventilated front seats, powered driver seat with memory, large and spacious cabin with best in class space, 663 litre boot and 150 litre frunk, along with features like multi zone climate control, ambient lighting themes like Calm, Cozy and Club modes and a quiet cabin experience designed for comfort and luxury. \n - The infotainment and entertainment system is one of the most advanced in the segment powered by MAIA architecture with 51 TOPS processing capability, built in Amazon Alexa and ChatGPT, 5G connectivity, OTA updates, app store with 60 plus apps including OTT and social platforms, augmented reality HUD, wireless Android Auto and Apple CarPlay and a flagship 1400 watt Harman Kardon 16 speaker system with Dolby Atmos delivering a true immersive audio experience. \n -Safety is comprehensive with up to 7 airbags, reinforced body structure, Level 2+ ADAS supported by multiple radars and sensors, 360 degree camera, blind view monitor, driver and occupant monitoring system, Secure360 surveillance, electronic stability control, ISOFIX mounts, advanced braking and multiple active and passive safety systems ensuring high protection standards. \n -The variants include Pack ONE and Pack THREE where Pack ONE offers essential premium features like triple screens, LED lighting, connected tech, fabric seats, standard cruise control and core safety features, while Pack THREE adds luxury and advanced tech like 79 kWh battery, adaptive cruise control, intelligent adaptive suspension, Infinity roof ambient lighting, leatherette interiors, ventilated seats, 16 speaker Harman Kardon audio, Level 2+ ADAS, 360 camera, AR HUD, auto park, dual zone climate control and full connected ecosystem. \n -Variant wise differentiation shows Pack ONE focused on essential EV experience with core features and smaller battery, while Pack THREE delivers full flagship experience with larger battery, enhanced performance, premium interiors, immersive infotainment, advanced safety and convenience features making it the top tier offering. \n -The available colors include premium shades such as Tango Red along with multiple monotone and dual tone color options designed to complement the coupe SUV styling and modern design language. \n -The official Mahindra pricing starts around ₹21 lakh and goes up to around ₹30 lakh depending on variant and battery pack as per official listings. \n - Compared with competitors like Tata Nexon EV, MG ZS EV and Hyundai Kona Electric, the XEV 9e stands ahead because Nexon EV focuses on affordability with lower performance and smaller battery, ZS EV offers refinement but lacks futuristic cockpit and advanced ADAS depth, Kona Electric is efficient but lacks space and modern design, while XEV 9e combines long range up to 656 km, coupe SUV styling, triple screen interior, Dolby Atmos audio, Level 2+ ADAS and high performance architecture making it significantly more advanced and future ready.",
,,,,,Mahindra,BE 6,BE 6,"BE 6, BE 6e, Mahindra BE 6",2025,2025,Active,,,Passenger vehicles,SUV,Electric,Automatic,No,,,Futuristic electric SUV,https://d24ohqpcwj3ww1.cloudfront.net/gryd_file_system/media/document/f290db35-6e98-47d4-bdfb-1a00bc1c91f5-69846c39_BE6-Digital-Leaflet.pdf,https://d24ohqpcwj3ww1.cloudfront.net/gryd_file_system/media/document/f290db35-6e98-47d4-bdfb-1a00bc1c91f5-69846c39_BE6-Digital-Leaflet.pdf,"min_price: 2800000, max_price: 3500000",,India,India,,,,,,,,,Mahindra & Mahindra,,,,"The Mahindra BE 6 is a futuristic electric SUV built on the INGLO platform offering 59 kWh and 79 kWh battery options producing up to 210 kW and 380 Nm torque with rear wheel drive, single pedal drive, multiple regen levels and drive modes like Range, Everyday, Race and Snow, delivering up to 683 km range, combined with intelligent adaptive suspension, brake by wire system and high power steering which together create a strong balance of performance, efficiency and driving dynamics. \n -The exterior design is bold and aggressive with a coupe SUV silhouette featuring signature C shaped LED DRLs and tail lamps, illuminated front and rear logos, sequential turn indicators, flush electrically deployed door handles, premium body cladding, large alloy wheels, rear spoiler and sharp aerodynamic lines that give it a futuristic road presence and strong visual identity. \n -The interior is highly premium and driver focused with a race inspired cockpit layout, dual 12.3 inch screens, Infinity glass roof with ambient lighting offering 16 million colours, leatherette upholstery in higher variants, ventilated front seats, powered driver seat with memory, soft touch dashboard and door trims, spacious cabin with 455 litre boot and 45 litre frunk, whisper quiet experience and air purifier with PM 2.5 filtration ensuring comfort and luxury. \n - The infotainment and entertainment system is powered by MAIA architecture delivering 51 TOPS computing capability with Qualcomm Snapdragon chipset, built in Amazon Alexa and ChatGPT, 5G connectivity, OTA updates, augmented reality HUD, wireless Android Auto and Apple CarPlay, 60 plus apps including OTT and social platforms and a 1400 watt Harman Kardon 16 speaker system with Dolby Atmos providing an immersive audio experience. \n -Safety is comprehensive with up to 7 airbags, reinforced body structure, Level 2+ ADAS with multiple radars and sensors, adaptive cruise control, lane keep assist, autonomous emergency braking, blind spot detection, 360 degree camera, Secure360 surveillance, driver and occupant monitoring system, strong battery safety testing and full electronic stability systems ensuring high protection standards. \n -The variants include Pack ONE, Pack ONE ABOVE, Pack TWO, Pack THREE SELECT and Pack THREE where Pack ONE offers core features like dual screens, fabric seats, standard cruise control and essential safety, Pack ONE ABOVE adds Infinity roof and more convenience features, Pack TWO introduces ADAS entry features and optional larger battery, Pack THREE SELECT adds leatherette interiors, ventilated seats, powered driver seat, Harman Kardon audio and advanced ADAS, while Pack THREE delivers the top tier experience with 79 kWh battery, maximum range, AR HUD, full ADAS suite, auto park, gesture tailgate, 360 camera and complete premium technology stack. \n -Variant specific differentiation shows Pack ONE as the entry level focused on essentials, Pack ONE ABOVE adding premium design elements, Pack TWO balancing performance and safety tech, Pack THREE SELECT focusing on comfort and infotainment upgrades and Pack THREE being the most advanced with full luxury, safety and performance features. \n - Color options include Firestorm Orange, Tango Red, Desert Myst, Everest White, Stealth Black, Deep Forest along with satin finish options like Desert Myst Satin and Everest White Satin giving both sporty and premium choices. \n -The official Mahindra pricing starts approximately around ₹18.9 lakh and goes up to around ₹26.9 lakh depending on variant and battery pack as per official Mahindra website. \n -Compared with competitors like Tata Nexon EV, MG ZS EV and Hyundai Kona Electric, the BE 6 stands ahead as Nexon EV focuses on affordability with lower range and simpler interior, ZS EV offers comfort but lacks futuristic cockpit and computing power, Kona Electric is efficient but outdated in design and features, while BE 6 delivers segment leading range up to 683 km, advanced MAIA computing system, Level 2+ ADAS, dual screen cockpit, Dolby Atmos audio and superior performance making it significantly more advanced and future ready.",
